HistoricalMatchId;Date;GoalsA;GoalsB;Competition;Stage;TeamAId;TeamBId
1;2023-09-07;0;0;2;1;40;52
2;2023-09-07;1;0;2;1;13;49
3;2023-09-07;1;0;2;1;1;24
4;2023-09-08;3;1;2;1;17;54
5;2023-09-08;5;1;2;1;6;77
6;2023-09-12;0;3;2;1;77;1
7;2023-09-12;2;1;2;1;24;17
8;2023-09-12;1;0;2;1;49;40
9;2023-09-12;0;0;2;1;54;13
10;2023-09-12;0;1;2;1;52;6
11;2023-10-12;2;2;2;1;13;17
12;2023-10-12;1;2;2;1;77;24
13;2023-10-12;1;0;2;1;1;40
14;2023-10-12;2;0;2;1;54;52
15;2023-10-12;1;1;2;1;6;49
16;2023-10-17;3;0;2;1;49;54
17;2023-10-17;1;0;2;1;40;77
18;2023-10-17;0;0;2;1;24;13
19;2023-10-17;2;0;2;1;17;6
20;2023-10-17;0;2;2;1;52;1
21;2023-11-16;2;0;2;1;77;52
22;2023-11-16;0;0;2;1;49;24
23;2023-11-16;2;1;2;1;13;6
24;2023-11-16;0;2;2;1;1;17
25;2023-11-16;0;0;2;1;54;40
26;2023-11-21;0;1;2;1;40;13
27;2023-11-21;3;0;2;1;17;77
28;2023-11-21;1;0;2;1;24;54
29;2023-11-21;0;1;2;1;6;1
30;2023-11-21;1;1;2;1;52;49
31;2024-09-05;4;0;2;1;77;49
32;2024-09-05;3;0;2;1;1;54
33;2024-09-06;0;0;2;1;17;40
34;2024-09-06;1;0;2;1;6;24
35;2024-09-06;1;1;2;1;52;13
36;2024-09-10;2;1;2;1;13;1
37;2024-09-10;1;2;2;1;54;77
38;2024-09-10;1;0;2;1;24;52
39;2024-09-10;0;0;2;1;49;17
40;2024-09-10;1;0;2;1;40;6
41;2024-10-10;1;0;2;1;77;13
42;2024-10-10;0;0;2;1;24;40
43;2024-10-10;1;1;2;1;49;1
44;2024-10-10;1;2;2;1;54;6
45;2024-10-11;1;0;2;1;52;17
46;2024-10-15;4;0;2;1;13;54
47;2024-10-15;2;1;2;1;40;49
48;2024-10-15;0;0;2;1;17;24
49;2024-10-15;6;0;2;1;1;77
50;2024-10-15;4;0;2;1;6;52
51;2024-11-14;1;1;2;1;49;6
52;2024-11-14;2;1;2;1;40;1
53;2024-11-14;4;0;2;1;24;77
54;2024-11-15;3;2;2;1;17;13
55;2024-11-15;0;0;2;1;52;54
56;2024-11-19;2;2;2;1;77;40
57;2024-11-19;0;1;2;1;13;24
58;2024-11-19;1;0;2;1;1;52
59;2024-11-19;4;2;2;1;54;49
60;2024-11-19;1;1;2;1;6;17
61;2025-03-20;1;0;2;1;40;54
62;2025-03-20;2;1;2;1;6;13
63;2025-03-20;3;1;2;1;52;77
64;2025-03-21;2;1;2;1;24;49
65;2025-03-21;0;1;2;1;17;1
66;2025-03-25;0;0;2;1;77;17
67;2025-03-25;1;0;2;1;49;52
68;2025-03-25;2;2;2;1;13;40
69;2025-03-25;4;1;2;1;1;6
70;2025-03-25;0;0;2;1;54;24
71;2025-06-05;2;0;2;1;40;17
72;2025-06-05;0;0;2;1;24;6
73;2025-06-05;0;1;2;1;54;1
74;2025-06-06;0;0;2;1;13;52
75;2025-06-06;2;0;2;1;49;77
76;2025-06-10;2;0;2;1;77;54
77;2025-06-10;2;0;2;1;17;49
78;2025-06-10;1;1;2;1;1;13
79;2025-06-10;1;0;2;1;6;40
80;2025-06-10;0;0;2;1;52;24
81;2025-09-04;3;0;2;1;17;52
82;2025-09-04;3;0;2;1;13;77
83;2025-09-04;0;0;2;1;40;24
84;2025-09-04;3;0;2;1;1;49
85;2025-09-04;3;0;2;1;6;54
86;2025-09-09;1;0;2;1;24;1
87;2025-09-09;0;1;2;1;52;40
88;2025-09-09;3;6;2;1;49;13
89;2025-09-09;1;0;2;1;77;6
90;2025-09-09;0;0;2;1;54;17
91;2024-06-20;2;0;3;1;1;30
92;2024-06-21;0;0;3;1;52;54
93;2024-06-25;0;1;3;1;52;30
94;2024-06-25;0;1;3;1;54;1
95;2024-06-29;2;0;3;1;1;52
96;2024-06-29;0;0;3;1;30;54
97;2024-06-22;1;2;3;1;24;49
98;2024-06-22;1;0;3;1;15;71
99;2024-06-26;3;1;3;1;24;71
100;2024-06-26;1;0;3;1;49;15
101;2024-06-30;0;0;3;1;15;24
102;2024-06-30;0;3;3;1;71;49
103;2024-06-23;2;0;3;1;16;77
104;2024-06-23;3;1;3;1;17;34
105;2024-06-27;2;1;3;1;34;16
106;2024-06-27;5;0;3;1;17;77
107;2024-07-01;0;1;3;1;16;17
108;2024-07-01;1;3;3;1;77;34
109;2024-06-24;2;1;3;1;13;40
110;2024-06-24;0;0;3;1;6;51
111;2024-06-28;3;0;3;1;13;51
112;2024-06-28;1;4;3;1;40;6
113;2024-07-02;1;1;3;1;6;13
114;2024-07-02;2;1;3;1;51;40
115;2024-07-04;1;1;3;3;1;24
116;2024-07-05;1;1;3;3;49;30
117;2024-07-06;0;0;3;3;17;6
118;2024-07-06;5;0;3;3;13;34
119;2024-07-09;2;0;3;4;1;30
120;2024-07-10;0;1;3;4;17;13
121;2024-07-13;2;2;3;4;30;17
122;2024-07-14;1;0;3;5;1;13
123;2024-03-10;0;0;2;1;210;205
124;2024-03-10;1;1;2;1;208;209
125;2024-03-15;1;1;2;1;210;205
126;2024-03-15;0;0;2;1;208;209
127;2024-06-05;1;1;2;1;161;167
128;2024-06-06;3;1;2;1;66;164
129;2024-06-08;1;0;2;1;195;161
130;2024-06-09;1;6;2;1;167;66
131;2024-06-09;3;0;2;1;164;195
132;2024-06-05;2;2;2;1;102;163
133;2024-06-06;4;0;2;1;51;152
134;2024-06-08;1;7;2;1;207;102
135;2024-06-09;0;3;2;1;163;51
136;2024-06-11;1;0;2;1;152;207
137;2024-06-05;4;1;2;1;83;179
138;2024-06-06;2;1;2;1;81;168
139;2024-06-08;0;2;2;1;188;83
140;2024-06-09;1;3;2;1;179;81
141;2024-06-11;2;2;2;1;168;188
142;2024-06-05;4;1;2;1;131;175
143;2024-06-06;2;0;2;1;34;150
144;2024-06-08;0;4;2;1;180;131
145;2024-06-09;1;3;2;1;175;34
146;2024-06-11;3;1;2;1;150;180
147;2024-06-05;6;0;2;1;96;182
148;2024-06-06;1;0;2;1;71;143
149;2024-06-08;0;3;2;1;209;96
150;2024-06-09;2;3;2;1;182;71
151;2024-06-11;4;0;2;1;143;209
152;2024-06-05;4;1;2;1;125;171
153;2024-06-06;0;0;2;1;101;156
154;2024-06-08;0;4;2;1;210;125
155;2024-06-09;1;3;2;1;171;101
156;2024-06-11;8;0;2;1;156;210
157;2025-06-04;5;0;2;1;167;195
158;2025-06-06;0;1;2;1;161;164
159;2025-06-07;0;1;2;1;195;66
160;2025-06-10;1;2;2;1;164;167
161;2025-06-10;2;0;2;1;66;161
162;2025-06-04;6;0;2;1;163;207
163;2025-06-06;6;2;2;1;102;152
164;2025-06-07;0;8;2;1;207;51
165;2025-06-10;2;3;2;1;152;163
166;2025-06-10;2;1;2;1;51;102
167;2025-06-04;1;1;2;1;179;188
168;2025-06-06;4;0;2;1;83;168
169;2025-06-07;0;5;2;1;188;81
170;2025-06-10;2;1;2;1;168;179
171;2025-06-10;1;5;2;1;81;83
172;2025-06-04;1;0;2;1;175;180
173;2025-06-06;1;0;2;1;131;150
174;2025-06-07;0;2;2;1;180;34
175;2025-06-10;3;0;2;1;150;175
176;2025-06-10;3;0;2;1;34;131
177;2025-06-04;3;0;2;1;182;209
178;2025-06-06;4;2;2;1;96;143
179;2025-06-07;0;1;2;1;209;71
180;2025-06-10;5;0;2;1;143;182
181;2025-06-10;3;0;2;1;71;96
182;2025-06-04;6;0;2;1;171;210
183;2025-06-06;1;0;2;1;125;156
184;2025-06-07;0;3;2;1;210;101
185;2025-06-10;2;1;2;1;156;171
186;2025-06-10;1;1;2;1;101;125
187;2025-09-04;0;0;2;1;125;34
188;2025-09-04;0;1;2;1;96;101
189;2025-09-08;1;2;2;1;101;125
190;2025-09-08;1;1;2;1;34;96
191;2025-10-10;1;1;2;1;125;96
192;2025-10-10;0;1;2;1;101;34
193;2025-10-14;1;1;2;1;34;125
194;2025-10-14;0;1;2;1;101;96
195;2025-11-13;4;0;2;1;125;101
196;2025-11-13;2;3;2;1;96;34
197;2025-11-18;3;0;2;1;34;101
198;2025-11-18;3;1;2;1;96;125
199;2025-09-05;0;4;2;1;167;71
200;2025-09-05;0;0;2;1;102;83
201;2025-09-09;2;0;2;1;71;102
202;2025-09-09;3;2;2;1;83;167
203;2025-10-10;0;3;2;1;167;102
204;2025-10-10;2;0;2;1;83;71
205;2025-10-14;1;1;2;1;83;102
206;2025-10-14;4;0;2;1;71;167
207;2025-11-13;0;7;2;1;167;83
208;2025-11-13;1;1;2;1;102;71
209;2025-11-18;0;0;2;1;71;83
210;2025-11-18;2;2;2;1;102;167
211;2025-09-05;0;0;2;1;81;66
212;2025-09-05;1;1;2;1;131;51
213;2025-09-09;3;3;2;1;51;81
214;2025-09-09;2;0;2;1;66;131
215;2025-10-09;0;3;2;1;131;81
216;2025-10-09;0;0;2;1;66;51
217;2025-10-13;3;0;2;1;66;81
218;2025-10-13;4;1;2;1;51;131
219;2025-11-13;1;0;2;1;81;51
220;2025-11-13;2;0;2;1;131;66
221;2025-11-18;0;0;2;1;51;66
222;2025-11-18;2;0;2;1;81;131
223;2023-06-24;1;1;3;1;16;71
224;2023-06-25;3;0;3;1;102;152
225;2023-06-28;4;1;3;1;71;102
226;2023-06-28;0;6;3;1;152;16
227;2023-07-02;6;0;3;1;16;102
228;2023-07-02;5;0;3;1;71;152
229;2023-06-25;2;1;3;1;81;55
230;2023-06-25;4;0;3;1;15;66
231;2023-06-29;1;1;3;1;55;66
232;2023-06-29;1;3;3;1;81;15
233;2023-07-02;0;1;3;1;15;55
234;2023-07-02;2;1;3;1;66;81
235;2023-06-26;1;2;3;1;51;34
236;2023-06-30;0;0;3;1;101;51
237;2023-07-04;2;2;3;1;34;101
238;2023-06-27;1;0;3;1;96;164
239;2023-07-01;0;0;3;1;96;30
240;2023-07-04;4;2;3;1;30;164
241;2023-07-09;0;1;3;3;96;71
242;2023-07-08;2;0;3;3;15;51
243;2023-07-09;2;2;3;3;16;30
244;2023-07-08;4;0;3;3;34;55
245;2023-07-12;0;3;3;4;71;15
246;2023-07-12;1;1;3;4;16;34
247;2023-07-16;1;0;3;5;15;34
248;2025-06-14;3;2;3;1;15;143
249;2025-06-15;4;3;3;1;51;125
250;2025-06-18;2;1;3;1;51;143
251;2025-06-18;0;2;3;1;125;15
252;2025-06-22;0;0;3;1;15;51
253;2025-06-22;0;0;3;1;143;125
254;2025-06-17;0;0;3;1;83;101
255;2025-06-17;6;0;3;1;30;66
256;2025-06-21;1;1;3;1;83;30
257;2025-06-21;2;0;3;1;66;101
258;2025-06-24;2;0;3;1;30;101
259;2025-06-24;2;1;3;1;66;83
260;2025-06-16;0;1;3;1;71;96
261;2025-06-20;0;1;3;1;96;34
262;2025-06-24;4;1;3;1;34;71
263;2025-06-15;5;0;3;1;16;102
264;2025-06-15;0;1;3;1;81;61
265;2025-06-19;1;1;3;1;102;81
266;2025-06-19;0;1;3;1;61;16
267;2025-06-22;2;1;3;1;16;81
268;2025-06-22;1;1;3;1;61;102
269;2025-06-29;2;2;3;3;16;51
270;2025-06-29;1;1;3;3;30;96
271;2025-06-28;2;0;3;3;15;61
272;2025-06-28;1;1;3;3;34;66
273;2025-07-02;2;1;3;4;16;96
274;2025-07-02;1;0;3;4;15;66
275;2025-07-06;1;2;3;5;16;15
276;2025-09-04;1;3;2;1;98;70
277;2025-09-04;2;0;2;1;48;10
278;2025-09-07;0;1;2;1;98;48
279;2025-09-07;3;1;2;1;10;70
280;2025-10-10;2;0;2;1;70;48
281;2025-10-10;4;0;2;1;10;98
282;2025-10-13;0;1;2;1;70;10
283;2025-10-13;2;0;2;1;48;98
284;2025-11-14;0;2;2;1;98;10
285;2025-11-14;1;0;2;1;48;70
286;2025-11-17;1;0;2;1;70;98
287;2025-11-17;6;0;2;1;10;48
288;2025-09-05;2;2;2;1;58;38
289;2025-09-05;4;0;2;1;19;78
290;2025-09-08;2;0;2;1;78;38
291;2025-09-08;3;0;2;1;19;58
292;2025-10-10;0;0;2;1;78;58
293;2025-10-10;0;2;2;1;38;19
294;2025-10-13;0;0;2;1;58;19
295;2025-10-13;0;1;2;1;38;78
296;2025-11-15;0;2;2;1;58;78
297;2025-11-15;4;1;2;1;19;38
298;2025-11-18;1;1;2;1;78;19
299;2025-11-18;1;1;2;1;38;58
300;2025-09-05;5;1;2;1;47;97
301;2025-09-05;0;0;2;1;21;43
302;2025-09-08;0;2;2;1;97;43
303;2025-09-08;0;3;2;1;47;21
304;2025-10-09;0;6;2;1;97;21
305;2025-10-09;3;1;2;1;43;47
306;2025-10-12;2;1;2;1;43;97
307;2025-10-12;3;1;2;1;21;47
308;2025-11-15;3;2;2;1;47;43
309;2025-11-15;2;2;2;1;21;97
310;2025-11-18;0;0;2;1;97;47
311;2025-11-18;4;2;2;1;43;21
312;2025-09-05;5;0;2;1;75;124
313;2025-09-05;0;2;2;1;32;3
314;2025-09-09;1;1;2;1;124;32
315;2025-09-09;2;1;2;1;3;75
316;2025-10-10;3;5;2;1;75;32
317;2025-10-10;3;0;2;1;3;124
318;2025-10-13;2;2;2;1;75;3
319;2025-10-13;2;1;2;1;32;124
320;2025-11-13;0;2;2;1;124;75
321;2025-11-13;4;0;2;1;3;32
322;2025-11-16;1;3;2;1;124;3
323;2025-11-16;2;0;2;1;32;75
324;2025-09-04;2;3;2;1;72;22
325;2025-09-04;0;3;2;1;86;2
326;2025-09-07;3;0;2;1;72;86
327;2025-09-07;0;6;2;1;22;2
328;2025-10-11;1;6;2;1;86;22
329;2025-10-11;2;0;2;1;2;72
330;2025-10-14;4;1;2;1;22;72
331;2025-10-14;4;0;2;1;2;86
332;2025-11-15;0;4;2;1;72;2
333;2025-11-15;2;0;2;1;22;86
334;2025-11-18;2;1;2;1;86;72
335;2025-11-18;2;2;2;1;2;22
336;2025-09-06;0;5;2;1;106;5
337;2025-09-06;2;2;2;1;59;42
338;2025-09-09;2;1;2;1;106;59
339;2025-09-09;2;3;2;1;42;5
340;2025-10-11;2;0;2;1;42;106
341;2025-10-11;1;0;2;1;5;59
342;2025-10-14;1;0;2;1;59;106
343;2025-10-14;2;2;2;1;5;42
344;2025-11-13;0;1;2;1;106;42
345;2025-11-13;2;0;2;1;59;5
346;2025-11-16;2;3;2;1;42;59
347;2025-11-16;9;1;2;1;5;106
348;2025-03-21;0;1;2;1;162;74
349;2025-03-21;1;0;2;1;35;149
350;2025-03-24;2;2;2;1;149;74
351;2025-03-24;2;0;2;1;35;162
352;2025-06-07;0;0;2;1;162;149
353;2025-06-07;0;2;2;1;74;8
354;2025-06-10;2;1;2;1;74;35
355;2025-06-10;8;0;2;1;8;162
356;2025-09-04;1;1;2;1;149;162
357;2025-09-04;1;1;2;1;8;35
358;2025-09-07;2;3;2;1;149;8
359;2025-09-07;3;1;2;1;35;74
360;2025-10-09;2;1;2;1;74;149
361;2025-10-09;0;4;2;1;162;8
362;2025-10-12;4;0;2;1;8;74
363;2025-10-12;0;2;2;1;149;35
364;2025-11-14;0;1;2;1;74;162
365;2025-11-14;1;1;2;1;35;8
366;2025-11-17;2;3;2;1;162;35
367;2025-11-17;4;0;2;1;8;149
368;2025-03-21;2;0;2;1;126;211
369;2025-03-21;0;1;2;1;57;64
370;2025-03-24;2;1;2;1;64;126
371;2025-03-24;1;5;2;1;211;57
372;2025-06-07;1;0;2;1;64;211
373;2025-06-07;2;1;2;1;23;57
374;2025-06-10;2;0;2;1;57;126
375;2025-06-10;0;4;2;1;211;23
376;2025-09-06;1;0;2;1;23;126
377;2025-09-06;0;6;2;1;211;64
378;2025-09-09;2;2;2;1;126;57
379;2025-09-09;1;2;2;1;64;23
380;2025-10-09;2;2;2;1;126;64
381;2025-10-09;10;0;2;1;23;211
382;2025-10-12;0;4;2;1;211;126
383;2025-10-12;1;0;2;1;57;23
384;2025-11-15;0;2;2;1;126;23
385;2025-11-15;3;1;2;1;64;57
386;2025-11-18;7;1;2;1;57;211
387;2025-11-18;1;1;2;1;23;64
388;2025-03-22;0;5;2;1;159;31
389;2025-03-22;2;1;2;1;76;129
390;2025-03-25;2;3;2;1;159;129
391;2025-03-25;2;4;2;1;76;31
392;2025-06-06;1;3;2;1;129;76
393;2025-06-06;3;0;2;1;31;12
394;2025-06-09;0;1;2;1;129;31
395;2025-06-09;2;0;2;1;12;159
396;2025-09-05;0;4;2;1;159;76
397;2025-09-05;5;0;2;1;12;129
398;2025-09-08;4;5;2;1;76;12
399;2025-09-09;11;1;2;1;31;159
400;2025-10-11;5;0;2;1;31;76
401;2025-10-11;1;3;2;1;129;12
402;2025-10-14;1;1;2;1;129;159
403;2025-10-14;3;0;2;1;12;76
404;2025-11-13;4;1;2;1;31;129
405;2025-11-13;0;2;2;1;159;12
406;2025-11-16;1;4;2;1;12;31
407;2025-11-16;4;1;2;1;76;159
408;2025-03-22;0;3;2;1;206;69
409;2025-03-22;3;1;2;1;37;109
410;2025-03-25;0;2;2;1;206;109
411;2025-03-25;1;1;2;1;69;37
412;2025-06-06;1;1;2;1;69;9
413;2025-06-06;3;0;2;1;37;206
414;2025-06-09;0;1;2;1;109;69
415;2025-06-09;4;3;2;1;9;37
416;2025-09-04;0;1;2;1;109;37
417;2025-09-04;0;6;2;1;206;9
418;2025-09-07;5;0;2;1;69;206
419;2025-09-07;6;0;2;1;9;109
420;2025-10-10;4;0;2;1;109;206
421;2025-10-10;0;0;2;1;9;69
422;2025-10-13;2;4;2;1;37;9
423;2025-10-13;1;1;2;1;69;109
424;2025-11-15;1;1;2;1;109;9
425;2025-11-15;0;1;2;1;206;37
426;2025-11-18;7;0;2;1;9;206
427;2025-11-18;7;1;2;1;37;69
428;2025-03-21;0;1;2;1;172;136
429;2025-03-21;2;0;2;1;4;65
430;2025-03-24;3;0;2;1;65;172
431;2025-03-24;3;0;2;1;4;136
432;2025-06-07;0;1;2;1;172;4
433;2025-06-07;0;0;2;1;65;39
434;2025-06-10;1;1;2;1;136;65
435;2025-06-10;3;0;2;1;39;172
436;2025-09-06;0;1;2;1;136;39
437;2025-09-06;2;0;2;1;4;172
438;2025-09-09;0;5;2;1;39;4
439;2025-09-09;1;0;2;1;65;136
440;2025-10-11;2;2;2;1;136;172
441;2025-10-11;0;1;2;1;39;65
442;2025-10-14;1;3;2;1;172;39
443;2025-10-14;0;5;2;1;136;4
444;2025-11-13;0;1;2;1;172;65
445;2025-11-13;2;0;2;1;4;39
446;2025-11-16;2;1;2;1;39;136
447;2025-11-16;0;2;2;1;65;4
448;2025-03-22;3;1;2;1;80;203
449;2025-03-22;2;1;2;1;41;123
450;2025-03-25;1;0;2;1;80;123
451;2025-03-25;0;4;2;1;203;41
452;2025-06-06;2;0;2;1;41;80
453;2025-06-06;0;7;2;1;203;11
454;2025-06-09;2;1;2;1;123;203
455;2025-06-09;5;1;2;1;11;41
456;2025-09-05;0;2;2;1;80;41
457;2025-09-05;0;1;2;1;123;11
458;2025-09-08;0;1;2;1;203;123
459;2025-09-08;4;0;2;1;11;80
460;2025-10-09;0;0;2;1;41;11
461;2025-10-09;4;0;2;1;123;80
462;2025-10-12;2;1;2;1;123;41
463;2025-10-12;3;0;2;1;11;203
464;2025-11-14;1;2;2;1;203;80
465;2025-11-14;3;1;2;1;11;123
466;2025-11-17;6;0;2;1;41;203
467;2025-11-17;2;3;2;1;80;11
468;2026-03-26;2;0;2;1;12;70
469;2026-03-26;1;1;2;1;37;64
470;2026-03-31;1;1;2;1;64;12
471;2026-03-26;1;3;2;1;32;38
472;2026-03-26;2;1;2;1;35;65
473;2026-03-31;3;2;2;1;38;35
474;2026-03-26;1;0;2;1;22;57
475;2026-03-26;3;4;2;1;48;78
476;2026-03-31;0;1;2;1;78;22
477;2026-03-26;4;0;2;1;21;69
478;2026-03-26;2;2;2;1;41;59
479;2026-03-31;2;2;2;1;41;21
480;2024-06-14;5;1;3;1;10;43
481;2024-06-15;1;3;3;1;42;19
482;2024-06-19;2;0;3;1;10;42
483;2024-06-19;1;1;3;1;43;19
484;2024-06-23;1;1;3;1;19;10
485;2024-06-23;0;1;3;1;43;42
486;2024-06-15;3;0;3;1;2;11
487;2024-06-15;2;1;3;1;12;65
488;2024-06-19;2;2;3;1;11;65
489;2024-06-20;1;0;3;1;2;12
490;2024-06-24;0;1;3;1;65;2
491;2024-06-24;1;1;3;1;11;12
492;2024-06-16;1;1;3;1;58;21
493;2024-06-16;0;1;3;1;39;4
494;2024-06-20;1;1;3;1;58;39
495;2024-06-20;1;1;3;1;21;4
496;2024-06-25;0;0;3;1;4;58
497;2024-06-25;0;0;3;1;21;39
498;2024-06-16;1;2;3;1;35;8
499;2024-06-17;0;1;3;1;23;3
500;2024-06-21;1;3;3;1;35;23
501;2024-06-21;0;0;3;1;8;3
502;2024-06-25;2;3;3;1;8;23
503;2024-06-25;1;1;3;1;3;35
504;2024-06-17;3;0;3;1;57;32
505;2024-06-17;0;1;3;1;9;48
506;2024-06-21;1;2;3;1;48;32
507;2024-06-22;2;0;3;1;9;57
508;2024-06-26;1;1;3;1;48;57
509;2024-06-26;0;0;3;1;32;9
510;2024-06-18;3;1;3;1;22;72
511;2024-06-18;2;1;3;1;5;41
512;2024-06-22;1;1;3;1;72;41
513;2024-06-22;0;3;3;1;22;5
514;2024-06-26;2;0;3;1;72;5
515;2024-06-26;1;2;3;1;41;22
516;2024-06-30;4;1;3;2;2;72
517;2024-06-29;2;0;3;2;10;21
518;2024-07-01;0;0;3;2;5;58
519;2024-07-01;1;0;3;2;3;9
520;2024-07-02;0;3;3;2;57;8
521;2024-07-02;1;2;3;2;23;22
522;2024-06-30;2;1;3;2;4;48
523;2024-06-29;2;0;3;2;19;12
524;2024-07-05;2;1;3;3;2;10
525;2024-07-05;0;0;3;3;5;3
526;2024-07-06;2;1;3;3;8;22
527;2024-07-06;1;1;3;3;4;19
529;2024-07-09;2;1;3;4;2;3
530;2024-07-10;1;2;3;4;8;4
531;2024-07-14;2;1;3;5;2;4
532;2024-11-19;1;1;3;1;64;8
533;2024-11-19;1;1;3;1;42;10
534;2024-11-19;1;2;3;1;65;32
535;2024-11-19;2;1;3;1;41;72
536;2024-11-19;3;1;3;1;80;22
537;2024-11-19;4;1;3;1;37;75
538;2024-11-19;1;0;3;1;48;129
539;2024-11-19;6;0;3;1;38;124
540;2024-11-19;0;0;3;1;162;172
541;2024-11-18;1;1;3;1;11;5
542;2024-11-18;1;2;3;1;35;43
543;2024-11-18;0;0;3;1;39;21
544;2024-11-18;3;2;3;1;2;19
545;2024-11-18;1;0;3;1;78;149
546;2024-11-18;4;1;3;1;57;126
547;2024-11-18;1;1;3;1;86;97
548;2024-11-18;2;2;3;1;98;70
549;2024-11-18;1;3;3;1;206;211
550;2024-11-17;1;0;3;1;76;9
551;2024-11-17;1;3;3;1;12;3
552;2024-11-17;5;0;3;1;4;59
553;2024-11-17;0;2;3;1;74;47
554;2024-11-17;1;1;3;1;23;58
555;2024-11-17;5;0;3;1;31;109
556;2024-11-17;1;2;3;1;136;106
557;2024-11-17;1;0;3;1;69;123
558;2024-11-16;7;0;3;1;10;64
559;2024-11-16;4;0;3;1;8;42
560;2024-11-16;1;1;3;1;72;32
561;2024-11-16;0;0;3;1;65;41
562;2024-11-16;0;2;3;1;80;75
563;2024-11-16;0;0;3;1;22;37
564;2024-11-16;0;0;3;1;124;129
565;2024-11-16;2;1;3;1;38;48
566;2024-11-16;0;1;3;1;172;159
567;2024-11-15;5;1;3;1;5;35
568;2024-11-15;1;0;3;1;43;11
569;2024-11-15;1;2;3;1;21;2
570;2024-11-15;1;1;3;1;19;39
571;2024-11-15;2;1;3;1;126;149
572;2024-11-15;3;0;3;1;57;78
573;2024-11-15;0;1;3;1;98;86
574;2024-11-15;2;0;3;1;70;97
575;2024-11-15;1;1;3;1;211;203
576;2024-11-14;0;1;3;1;9;12
577;2024-11-14;0;0;3;1;3;76
578;2024-11-14;0;3;3;1;47;4
579;2024-11-14;1;0;3;1;59;74
580;2024-11-14;0;2;3;1;109;23
581;2024-11-14;1;4;3;1;58;31
582;2024-11-14;0;1;3;1;106;123
583;2024-11-14;1;0;3;1;69;136
584;2024-10-15;3;3;3;1;35;11
585;2024-10-15;0;0;3;1;43;5
586;2024-10-15;3;0;3;1;2;39
587;2024-10-15;2;2;3;1;19;21
588;2024-10-15;3;0;3;1;78;126
589;2024-10-15;1;2;3;1;149;57
590;2024-10-15;1;1;3;1;97;98
591;2024-10-15;5;0;3;1;70;86
592;2024-10-13;1;3;3;1;74;4
593;2024-10-13;2;0;3;1;47;59
594;2024-10-13;0;1;3;1;109;58
595;2024-10-13;5;1;3;1;23;31
596;2024-10-13;0;2;3;1;106;69
597;2024-10-13;1;1;3;1;123;136
598;2024-10-13;0;0;3;1;206;203
599;2024-10-13;1;0;3;1;162;159
600;2024-10-14;1;2;3;1;9;3
601;2024-10-14;4;1;3;1;12;76
602;2024-10-14;0;2;3;1;64;42
603;2024-10-14;1;0;3;1;10;8
604;2024-10-14;0;1;3;1;72;65
605;2024-10-14;1;1;3;1;32;41
606;2024-10-14;2;4;3;1;75;22
607;2024-10-14;1;0;3;1;37;80
608;2024-10-14;1;3;3;1;124;48
609;2024-10-14;0;3;3;1;129;38
610;2024-10-12;2;1;3;1;11;43
611;2024-10-12;1;3;3;1;35;5
612;2024-10-12;2;0;3;1;39;19
613;2024-10-12;1;0;3;1;2;21
614;2024-10-12;1;2;3;1;149;78
615;2024-10-12;0;3;3;1;126;57
616;2024-10-12;0;0;3;1;86;98
617;2024-10-12;0;0;3;1;97;70
618;2024-10-11;1;2;3;1;64;10
619;2024-10-11;1;1;3;1;42;8
620;2024-10-11;2;0;3;1;41;65
621;2024-10-11;1;0;3;1;32;72
622;2024-10-11;2;2;3;1;75;37
623;2024-10-11;1;0;3;1;22;80
624;2024-10-11;3;1;3;1;129;124
625;2024-10-11;2;2;3;1;48;38
626;2024-10-10;1;4;3;1;76;3
627;2024-10-10;2;2;3;1;12;9
628;2024-10-10;1;2;3;1;4;47
629;2024-10-10;1;2;3;1;74;59
630;2024-10-10;4;0;3;1;23;109
631;2024-10-10;3;0;3;1;31;58
632;2024-10-10;2;2;3;1;123;106
633;2024-10-10;0;3;3;1;136;69
634;2024-10-10;1;0;3;1;203;211
635;2024-10-10;2;0;3;1;159;172
636;2024-09-10;0;0;3;1;42;64
637;2024-09-10;2;2;3;1;8;10
638;2024-09-10;0;1;3;1;65;72
639;2024-09-10;3;2;3;1;41;32
640;2024-09-10;2;0;3;1;4;74
641;2024-09-10;0;2;3;1;59;47
642;2024-09-10;1;0;3;1;136;123
643;2024-09-10;2;0;3;1;69;106
644;2024-09-10;0;1;3;1;172;162
645;2024-09-09;2;0;3;1;3;9
646;2024-09-09;1;2;3;1;76;12
647;2024-09-09;2;1;3;1;31;23
648;2024-09-09;3;0;3;1;58;109
649;2024-09-09;1;2;3;1;80;37
650;2024-09-09;3;1;3;1;22;75
651;2024-09-09;0;4;3;1;126;78
652;2024-09-09;3;1;3;1;57;149
653;2024-09-07;5;0;3;1;10;42
654;2024-09-07;5;2;3;1;8;64
655;2024-09-07;4;1;3;1;72;41
656;2024-09-07;1;2;3;1;32;65
657;2024-09-07;0;2;3;1;59;4
658;2024-09-07;3;0;3;1;47;74
659;2024-09-07;1;1;3;1;123;69
660;2024-09-07;4;1;3;1;106;136
661;2024-09-07;2;0;3;1;159;162
662;2024-09-06;3;1;3;1;9;76
663;2024-09-06;1;3;3;1;3;12
664;2024-09-06;0;0;3;1;109;31
665;2024-09-06;1;1;3;1;58;23
666;2024-09-06;2;0;3;1;75;80
667;2024-09-06;0;0;3;1;37;22
668;2024-09-06;0;3;3;1;78;57
669;2024-09-06;0;1;3;1;149;126
670;2024-09-05;2;1;3;1;5;11
671;2024-09-05;2;3;3;1;43;35
672;2024-09-05;2;0;3;1;21;19
673;2024-09-05;0;0;3;1;39;2
674;2024-09-05;1;3;3;1;124;38
675;2024-09-05;0;1;3;1;129;48
676;2024-09-05;0;0;3;1;97;86
677;2024-09-05;2;0;3;1;70;98
678;2024-09-05;1;0;3;1;211;206
679;2026-03-26;0;1;3;1;203;136
680;2026-03-26;0;2;3;1;162;98
681;2026-03-31;1;0;3;1;136;203
682;2026-03-31;3;0;3;1;98;162
683;2025-03-23;1;3;3;1;75;78
684;2025-03-23;2;1;3;1;59;86
685;2025-03-23;6;1;3;1;72;106
686;2025-03-23;1;0;3;1;58;48
687;2025-03-20;2;1;3;1;78;75
688;2025-03-20;1;2;3;1;86;59
689;2025-03-20;0;3;3;1;106;72
690;2025-03-20;0;0;3;1;48;58
691;2025-03-23;0;3;3;1;42;22
692;2025-03-23;3;0;3;1;9;32
693;2025-03-23;2;0;3;1;39;23
694;2025-03-23;0;3;3;1;43;47
695;2025-03-20;3;1;3;1;22;42
696;2025-03-20;3;1;3;1;32;9
697;2025-03-20;1;1;3;1;23;39
698;2025-03-20;0;1;3;1;47;43
699;2025-03-20;2;2;3;3;8;2
700;2025-03-20;2;0;3;3;11;3
701;2025-03-20;1;0;3;3;21;5
702;2025-03-23;1;2;3;3;12;10
703;2025-03-23;3;3;3;3;2;8
704;2025-03-23;2;0;3;3;3;11
705;2025-03-23;5;2;3;3;5;21
706;2025-03-23;3;3;3;3;10;12
707;2025-06-04;1;2;3;4;10;5
708;2025-06-05;5;4;3;4;2;3
709;2025-06-08;0;2;3;4;10;3
710;2025-05-08;2;2;3;5;5;2
711;2023-11-15;0;0;2;1;144;119
712;2023-11-15;2;0;2;1;45;115
713;2023-11-16;1;1;2;1;62;132
714;2023-11-17;0;2;2;1;119;29
715;2023-11-19;0;1;2;1;197;132
716;2023-11-20;0;3;2;1;144;62
717;2024-06-05;2;1;2;1;119;197
718;2024-06-06;0;0;2;1;132;144
719;2024-06-06;2;1;2;1;29;62
720;2024-06-09;1;1;2;1;197;144
721;2024-06-10;1;1;2;1;132;29
722;2024-06-10;2;2;2;1;62;119
723;2025-03-20;3;1;2;1;119;132
724;2025-03-21;4;1;2;1;62;197
725;2025-03-21;0;2;2;1;144;29
726;2025-03-24;1;2;2;1;132;62
727;2025-03-24;6;1;2;1;144;197
728;2025-03-25;1;0;2;1;29;119
729;2025-09-04;1;1;2;1;132;119
730;2025-09-05;0;6;2;1;197;62
731;2025-09-05;2;0;2;1;29;144
732;2025-09-08;2;0;2;1;132;197
733;2025-09-09;2;0;2;1;119;144
734;2025-09-09;0;0;2;1;62;29
735;2025-10-08;1;0;2;1;144;132
736;2025-10-08;0;1;2;1;119;62
737;2025-10-08;0;3;2;1;197;29
738;2025-10-12;3;1;2;1;62;144
739;2025-10-12;1;2;2;1;197;119
740;2025-10-12;1;0;2;1;29;132
742;2023-11-16;1;1;2;1;117;121
743;2023-11-18;4;0;2;1;14;170
744;2023-11-19;1;0;2;1;117;45
745;2023-11-21;0;0;2;1;170;115
746;2023-11-21;0;0;2;1;121;14
747;2024-06-05;1;1;2;1;121;170
748;2024-06-06;0;2;2;1;115;117
749;2024-06-06;1;1;2;1;14;45
750;2024-06-09;1;0;2;1;45;121
751;2024-06-09;0;1;2;1;115;14
752;2024-06-11;0;3;2;1;170;117
753;2025-03-21;1;0;2;1;45;170
754;2025-03-22;2;2;2;1;121;115
755;2025-03-22;0;0;2;1;117;14
756;2025-03-25;1;1;2;1;117;170
757;2025-03-25;2;0;2;1;14;121
758;2025-03-25;0;2;2;1;115;45
759;2025-09-05;1;4;2;1;170;45
760;2025-09-05;2;0;2;1;115;121
761;2025-09-05;2;0;2;1;14;117
762;2025-09-09;2;3;2;1;45;14
763;2025-09-09;1;0;2;1;121;117
764;2025-09-09;0;0;2;1;115;170
765;2025-10-10;0;5;2;1;170;14
766;2025-10-10;0;1;2;1;121;45
767;2025-10-10;0;0;2;1;117;115
768;2025-10-13;0;0;2;1;170;121
769;2025-10-14;1;0;2;1;45;117
770;2025-10-14;4;0;2;1;14;115
771;2023-11-15;0;0;2;1;128;130
772;2023-11-16;1;1;2;1;26;145
773;2023-11-18;2;1;2;1;60;90
774;2023-11-19;1;1;2;1;130;26
775;2023-11-21;0;0;2;1;145;90
776;2023-11-21;2;0;2;1;128;60
777;2024-06-06;1;0;2;1;90;128
778;2024-06-07;0;2;2;1;130;145
779;2024-06-07;1;1;2;1;26;60
780;2024-06-10;2;1;2;1;90;26
781;2024-06-11;3;1;2;1;60;130
782;2024-06-11;0;1;2;1;145;128
783;2025-03-20;2;2;2;1;130;90
784;2025-03-21;0;3;2;1;60;145
785;2025-03-21;0;2;2;1;128;26
786;2025-03-25;0;2;2;1;90;60
787;2025-03-25;1;1;2;1;26;130
788;2025-03-25;1;1;2;1;128;145
789;2025-09-05;1;0;2;1;90;130
790;2025-09-05;0;3;2;1;145;60
791;2025-09-06;1;0;2;1;26;128
792;2025-09-09;0;1;2;1;130;128
793;2025-09-09;1;1;2;1;60;26
794;2025-09-09;4;0;2;1;90;145
795;2025-10-10;0;1;2;1;128;90
796;2025-10-10;1;2;2;1;145;26
797;2025-10-10;0;0;2;1;130;60
798;2025-10-13;1;0;2;1;145;130
799;2025-10-14;3;0;2;1;60;128
800;2025-10-14;4;0;2;1;26;90
801;2023-11-16;0;0;2;1;68;89
802;2023-11-17;0;1;2;1;165;111
803;2023-11-17;3;0;2;1;44;178
804;2023-11-21;0;2;2;1;165;68
805;2023-11-21;0;0;2;1;178;89
806;2023-11-21;1;1;2;1;111;44
807;2024-06-06;2;1;2;1;111;178
808;2024-06-07;1;0;2;1;89;165
809;2024-06-08;4;1;2;1;44;68
810;2024-06-11;2;1;2;1;178;165
811;2024-06-11;1;0;2;1;68;111
812;2024-06-11;1;1;2;1;89;44
813;2025-03-19;0;0;2;1;165;44
814;2025-03-20;1;0;2;1;68;178
815;2025-03-20;1;1;2;1;111;89
816;2025-03-23;3;3;2;1;165;178
817;2025-03-25;1;2;2;1;89;68
818;2025-03-25;3;1;2;1;44;111
819;2025-09-04;0;1;2;1;89;111
820;2025-09-04;0;2;2;1;178;68
821;2025-09-04;3;0;2;1;44;165
822;2025-09-08;2;0;2;1;111;165
823;2025-09-09;1;0;2;1;68;44
824;2025-09-09;3;1;2;1;89;178
825;2025-10-08;0;2;2;1;178;44
826;2025-10-08;3;3;2;1;111;68
827;2025-10-08;2;2;2;1;165;89
828;2025-10-13;3;0;2;1;68;165
829;2025-10-13;0;0;2;1;178;111
830;2025-10-13;0;0;2;1;44;89
831;2023-11-17;4;2;2;1;92;133
832;2023-11-18;0;1;2;1;113;112
833;2023-11-21;2;1;2;1;113;92
834;2023-11-21;0;2;2;1;112;7
835;2024-06-07;2;1;2;1;7;92
836;2024-06-11;0;1;2;1;92;112
837;2024-06-11;0;6;2;1;133;7
838;2025-03-21;1;2;2;1;113;7
839;2025-03-25;2;0;2;1;7;112
840;2025-09-05;1;1;2;1;133;112
841;2025-09-05;5;0;2;1;7;113
842;2025-09-08;0;2;2;1;92;7
843;2025-09-09;0;1;2;1;112;113
844;2025-10-08;3;1;2;1;113;133
845;2025-10-08;0;1;2;1;112;92
846;2025-10-12;0;1;2;1;92;113
847;2025-10-14;1;0;2;1;7;133
848;2023-11-16;3;2;2;1;142;116
849;2023-11-16;2;1;2;1;87;110
850;2023-11-17;9;0;2;1;33;204
851;2023-11-19;1;2;2;1;142;87
852;2023-11-20;0;2;2;1;116;33
853;2023-11-20;0;5;2;1;204;110
854;2024-06-07;1;1;2;1;110;142
855;2024-06-07;1;0;2;1;33;87
856;2024-06-08;5;1;2;1;116;204
857;2024-06-11;0;0;2;1;110;33
858;2024-06-11;3;2;2;1;87;116
859;2024-06-11;1;3;2;1;204;142
860;2025-03-20;3;0;2;1;87;204
861;2025-03-20;3;3;2;1;116;110
862;2025-03-21;0;1;2;1;142;33
863;2025-03-23;1;2;2;1;110;87
864;2025-03-24;1;0;2;1;33;116
865;2025-03-25;5;0;2;1;142;204
866;2025-09-03;0;4;2;1;204;87
867;2025-09-05;1;3;2;1;110;116
868;2025-09-05;1;0;2;1;33;142
869;2025-09-09;5;0;2;1;110;204
870;2025-09-09;0;0;2;1;87;33
871;2025-09-09;2;0;2;1;116;142
872;2025-10-09;0;1;2;1;142;110
873;2025-10-10;0;7;2;1;204;33
874;2025-10-10;3;4;2;1;116;87
875;2025-10-14;0;7;2;1;204;116
876;2025-10-14;2;0;2;1;87;142
877;2025-10-14;3;0;2;1;33;110
878;2023-11-16;2;3;2;1;147;100
879;2023-11-16;3;1;2;1;28;198
880;2023-11-17;2;1;2;1;82;88
881;2023-11-19;0;2;2;1;100;28
882;2023-11-21;0;1;2;1;198;88
883;2023-11-21;1;0;2;1;147;82
884;2024-06-06;1;2;2;1;28;82
885;2024-06-07;2;1;2;1;100;198
886;2024-06-07;1;0;2;1;88;147
887;2024-06-10;1;3;2;1;198;147
888;2024-06-10;1;2;2;1;88;28
889;2024-06-10;0;1;2;1;82;100
890;2025-03-20;3;1;2;1;100;88
891;2025-03-21;1;3;2;1;147;28
892;2025-03-21;0;0;2;1;82;198
893;2025-03-25;1;0;2;1;88;82
894;2025-03-25;2;0;2;1;147;198
895;2025-03-25;5;1;2;1;28;100
896;2025-09-04;3;1;2;1;28;147
897;2025-09-05;0;3;2;1;198;82
898;2025-09-05;4;0;2;1;88;100
899;2025-09-08;2;0;2;1;100;147
900;2025-09-08;2;0;2;1;88;198
901;2025-09-08;0;0;2;1;82;28
902;2025-10-09;0;3;2;1;198;28
903;2025-10-09;1;2;2;1;100;82
904;2025-10-09;0;1;2;1;147;88
905;2025-10-14;2;2;2;1;82;147
906;2025-10-14;0;1;2;1;198;100
907;2025-10-14;2;1;2;1;28;88
908;2023-11-15;0;3;2;1;105;120
909;2023-11-17;0;1;2;1;140;127
910;2023-11-17;4;0;2;1;46;196
911;2023-11-20;3;0;2;1;140;105
912;2023-11-21;0;1;2;1;127;46
913;2023-11-21;0;2;2;1;196;120
914;2024-06-05;1;1;2;1;120;140
915;2024-06-05;1;0;2;1;46;105
916;2024-06-06;3;1;2;1;127;196
917;2024-06-09;0;1;2;1;196;140
918;2024-06-09;0;0;2;1;120;46
919;2024-06-10;1;0;2;1;105;127
920;2025-03-19;0;1;2;1;140;46
921;2025-03-20;0;1;2;1;127;120
922;2025-03-21;2;0;2;1;105;196
923;2025-03-24;1;1;2;1;120;105
924;2025-03-24;2;1;2;1;140;196
925;2025-03-24;2;0;2;1;46;127
926;2025-09-04;2;3;2;1;196;105
927;2025-09-04;3;0;2;1;46;140
928;2025-09-05;1;2;2;1;120;127
929;2025-09-08;0;1;2;1;105;46
930;2025-09-08;2;2;2;1;127;140
931;2025-09-09;3;0;2;1;120;196
932;2025-10-09;3;1;2;1;140;120
933;2025-10-10;0;6;2;1;196;46
934;2025-10-13;1;1;2;1;105;140
935;2025-10-13;1;0;2;1;196;127
936;2025-10-13;3;0;2;1;46;120
937;2023-11-17;4;2;2;1;108;139
938;2023-11-17;1;0;2;1;73;104
939;2023-11-17;3;1;2;1;53;183
940;2023-11-20;1;1;2;1;53;139
941;2023-11-20;0;3;2;1;183;104
942;2023-11-21;1;0;2;1;108;73
943;2024-06-05;1;0;2;1;139;183
944;2024-06-06;1;2;2;1;53;73
945;2024-06-07;2;1;2;1;104;108
946;2024-06-10;4;3;2;1;73;139
947;2024-06-11;0;0;2;1;104;53
948;2024-06-11;0;2;2;1;183;108
949;2025-03-19;1;4;2;1;139;104
950;2025-03-20;0;3;2;1;108;53
951;2025-03-21;5;0;2;1;73;183
952;2025-03-24;0;0;2;1;139;53
953;2025-03-24;0;3;2;1;104;73
954;2025-03-25;1;0;2;1;108;183
955;2025-09-04;1;1;2;1;183;73
956;2025-09-04;2;0;2;1;104;139
957;2025-09-04;3;0;2;1;53;108
958;2025-09-07;0;2;2;1;139;108
959;2025-09-08;3;1;2;1;104;183
960;2025-09-08;1;0;2;1;73;53
961;2025-10-08;0;2;2;1;183;53
962;2025-10-08;0;5;2;1;139;73
963;2025-10-08;1;2;2;1;108;104
964;2025-10-12;2;3;2;1;183;139
965;2025-10-12;1;0;2;1;73;108
966;2025-10-12;4;1;2;1;53;104
967;2024-01-13;2;0;3;1;33;132
968;2024-01-14;1;1;3;1;26;105
969;2024-01-18;4;2;3;1;105;132
970;2024-01-18;0;1;3;1;33;26
971;2024-01-22;0;1;3;1;132;26
972;2024-01-22;4;0;3;1;105;33
973;2024-01-14;2;2;3;1;29;100
974;2024-01-14;1;2;3;1;73;68
975;2024-01-18;2;2;3;1;29;73
976;2024-01-19;3;0;3;1;68;100
977;2024-01-22;2;2;3;1;100;73
978;2024-01-22;2;2;3;1;68;29
979;2024-01-15;3;0;3;1;14;116
980;2024-01-15;1;1;3;1;44;82
981;2024-01-19;3;1;3;1;14;44
982;2024-01-19;1;0;3;1;82;116
983;2024-01-23;0;2;3;1;82;14
984;2024-01-23;2;3;3;1;116;44
985;2024-01-15;1;1;3;1;28;89
986;2024-01-16;1;0;3;1;62;115
987;2024-01-20;2;2;3;1;28;62
988;2024-01-20;2;3;3;1;115;89
989;2024-01-23;2;0;3;1;89;62
990;2024-01-23;1;0;3;1;115;28
991;2024-01-16;0;1;3;1;46;120
992;2024-01-16;2;0;3;1;53;60
993;2024-01-20;1;1;3;1;46;53
994;2024-01-21;4;0;3;1;60;120
995;2024-01-24;0;0;3;1;60;46
996;2024-01-24;0;0;3;1;120;53
997;2024-01-17;3;0;3;1;7;112
998;2024-01-17;1;1;3;1;45;92
999;2024-01-21;1;1;3;1;7;45
1000;2024-01-21;1;1;3;1;92;112
1001;2024-01-24;0;0;3;1;112;45
1002;2024-01-24;0;1;3;1;92;7
1003;2024-01-27;2;0;3;2;26;44
1004;2024-01-27;3;0;3;2;89;120
1005;2024-01-29;1;0;3;2;68;115
1006;2024-01-30;0;2;3;2;7;60
1007;2024-01-30;2;1;3;2;53;62
1008;2024-01-29;1;1;3;2;14;33
1009;2024-01-28;1;1;3;2;29;45
1010;2024-01-28;0;1;3;2;105;82
1011;2024-02-02;1;0;3;3;26;89
1012;2024-02-03;0;0;3;3;68;60
1013;2024-02-03;1;2;3;3;53;33
1014;2024-02-02;3;1;3;3;45;82
1015;2024-02-07;1;1;3;4;26;60
1016;2024-02-07;1;0;3;4;33;45
1017;2024-02-10;0;0;3;4;60;45
1018;2024-02-11;1;2;3;5;26;33
1019;2025-12-21;2;0;3;1;7;108
1020;2025-12-22;1;1;3;1;53;92
1021;2025-12-26;0;0;3;1;92;108
1022;2025-12-26;1;1;3;1;7;53
1023;2025-12-29;0;3;3;1;92;7
1024;2025-12-29;0;0;3;1;108;53
1025;2025-12-22;2;1;3;1;60;89
1026;2025-12-22;2;1;3;1;29;130
1027;2025-12-26;1;1;3;1;89;130
1028;2025-12-26;1;0;3;1;29;60
1029;2025-12-29;0;0;3;1;89;29
1030;2025-12-29;2;3;3;1;130;60
1031;2025-12-23;2;1;3;1;26;112
1032;2025-12-23;3;1;3;1;46;88
1033;2025-12-27;1;1;3;1;88;112
1034;2025-12-27;3;2;3;1;26;46
1035;2025-12-30;1;3;3;1;88;26
1036;2025-12-30;1;1;3;1;112;46
1037;2025-12-23;1;0;3;1;45;90
1038;2025-12-23;3;0;3;1;14;147
1039;2025-12-27;1;0;3;1;90;147
1040;2025-12-27;1;1;3;1;14;45
1041;2025-12-30;0;3;3;1;90;14
1042;2025-12-30;0;3;3;1;147;45
1043;2025-12-24;2;1;3;1;62;105
1044;2025-12-24;3;0;3;1;28;117
1045;2025-12-28;0;1;3;1;105;117
1046;2025-12-28;1;0;3;1;28;62
1047;2025-12-31;1;3;3;1;105;28
1048;2025-12-31;0;2;3;1;117;62
1049;2025-12-24;1;0;3;1;33;100
1050;2025-12-24;1;0;3;1;44;87
1051;2025-12-28;2;3;3;1;87;100
1052;2025-12-28;1;1;3;1;33;44
1053;2025-12-31;2;3;3;1;87;33
1054;2025-12-31;1;2;3;1;100;44
1055;2025-01-03;1;1;3;2;53;46
1056;2025-01-03;3;1;3;2;14;117
1057;2025-01-05;3;1;3;2;29;90
1058;2025-01-06;3;0;3;2;33;62
1059;2025-01-06;1;0;3;2;28;45
1060;2025-01-05;4;0;3;2;26;100
1061;2025-01-04;1;2;3;2;60;44
1062;2025-01-04;1;0;3;2;7;112
1063;2025-01-09;0;1;3;3;53;14
1064;2025-01-10;3;2;3;3;29;33
1065;2025-01-10;0;2;3;3;28;26
1066;2025-01-09;0;2;3;3;44;7
1067;2025-01-14;1;0;3;4;14;29
1068;2025-01-14;0;0;3;4;26;7
1069;2025-01-17;0;0;3;4;87;26
1070;2025-01-18;0;3;3;5;14;7
1071;2023-10-12;1;0;2;1;166;186
1072;2023-10-17;0;1;2;1;186;166
1073;2023-10-12;1;1;2;1;173;181
1074;2023-10-17;2;1;2;1;181;173
1075;2023-10-12;2;1;2;1;148;202
1076;2023-10-17;0;1;2;1;202;148
1077;2023-10-12;3;0;2;1;146;191
1078;2023-10-17;1;1;2;1;191;146
1079;2023-10-12;5;1;2;1;158;194
1080;2023-10-17;0;0;2;1;194;158
1081;2023-10-12;0;0;2;1;176;200
1082;2023-10-17;1;0;2;1;200;176
1083;2023-10-12;4;0;2;1;174;201
1084;2023-10-17;0;3;2;1;201;174
1085;2023-10-12;6;0;2;1;122;193
1086;2023-10-17;0;6;2;1;193;122
1087;2023-10-12;4;0;2;1;155;190
1088;2023-10-17;2;0;2;1;190;155
1089;2023-10-12;1;1;2;1;177;185
1090;2023-10-17;0;1;2;1;185;177
1091;2023-11-16;8;1;2;1;55;166
1092;2023-11-16;0;1;2;1;134;137
1093;2023-11-21;0;3;2;1;137;55
1094;2023-11-21;0;4;2;1;166;134
1095;2024-03-21;3;0;2;1;55;134
1096;2024-03-21;0;0;2;1;166;137
1097;2024-03-26;1;2;2;1;137;166
1098;2024-03-26;1;2;2;1;134;55
1099;2024-06-06;0;0;2;1;166;55
1100;2024-06-06;0;0;2;1;137;134
1101;2024-06-11;2;1;2;1;55;137
1102;2024-06-11;1;0;2;1;134;166
1103;2023-11-16;5;0;2;1;18;158
1104;2023-11-16;1;0;2;1;84;118
1105;2023-11-21;1;6;2;1;158;118
1106;2023-11-21;0;5;2;1;84;18
1107;2024-03-21;1;0;2;1;18;118
1108;2024-03-21;1;1;2;1;158;84
1109;2024-03-26;7;0;2;1;84;158
1110;2024-03-26;0;3;2;1;118;18
1111;2024-06-06;0;5;2;1;158;18
1112;2024-06-06;1;0;2;1;118;84
1113;2024-06-11;5;0;2;1;18;84
1114;2024-06-11;4;1;2;1;118;158
1115;2023-11-16;5;0;2;1;25;148
1116;2023-11-16;1;2;2;1;93;94
1117;2023-11-21;0;3;2;1;94;25
1118;2023-11-21;1;3;2;1;148;93
1119;2024-03-21;1;1;2;1;25;93
1120;2024-03-21;2;2;2;1;148;94
1121;2024-03-26;4;1;2;1;94;148
1122;2024-03-26;0;3;2;1;93;25
1123;2024-06-06;1;1;2;1;94;93
1124;2024-06-06;0;7;2;1;148;25
1125;2024-06-11;1;0;2;1;25;94
1126;2024-06-11;3;1;2;1;93;148
1127;2023-11-16;4;3;2;1;138;107
1128;2023-11-16;3;0;2;1;79;174
1129;2023-11-21;0;1;2;1;174;138
1130;2023-11-21;1;0;2;1;107;79
1131;2024-03-21;0;2;2;1;174;107
1132;2024-03-21;2;0;2;1;79;138
1133;2024-03-26;5;1;2;1;107;174
1134;2024-03-26;0;2;2;1;138;79
1135;2024-06-06;0;3;2;1;174;79
1136;2024-06-06;1;1;2;1;107;138
1137;2024-06-11;3;1;2;1;138;174
1138;2024-06-11;1;1;2;1;79;107
1139;2023-11-16;1;3;2;1;141;50
1140;2023-11-16;4;0;2;1;20;155
1141;2023-11-21;2;2;2;1;155;141
1142;2023-11-21;2;2;2;1;50;20
1143;2024-03-21;0;2;2;1;155;50
1144;2024-03-21;5;0;2;1;20;141
1145;2024-03-26;3;0;2;1;50;155
1146;2024-03-26;0;1;2;1;141;20
1147;2024-06-06;2;4;2;1;155;20
1148;2024-06-06;3;1;2;1;50;141
1149;2024-06-11;0;0;2;1;141;155
1150;2024-06-11;0;0;2;1;20;50
1151;2023-11-16;0;2;2;1;135;99
1152;2023-11-16;5;1;2;1;56;122
1153;2023-11-21;1;1;2;1;135;122
1154;2023-11-21;0;1;2;1;99;56
1155;2024-03-21;1;0;2;1;122;99
1156;2024-03-21;1;0;2;1;56;135
1157;2024-03-26;0;3;2;1;99;122
1158;2024-03-26;0;5;2;1;135;56
1159;2024-06-06;0;2;2;1;122;56
1160;2024-06-06;3;2;2;1;99;135
1161;2024-06-11;2;0;2;1;122;135
1162;2024-06-11;3;1;2;1;56;99
1163;2023-11-16;1;1;2;1;103;63
1164;2023-11-16;4;0;2;1;61;200
1165;2023-11-21;1;6;2;1;200;103
1166;2023-11-21;0;2;2;1;63;61
1167;2024-03-21;0;3;2;1;200;63
1168;2024-03-21;1;0;2;1;61;103
1169;2024-03-26;1;1;2;1;103;61
1170;2024-03-26;7;0;2;1;63;200
1171;2024-06-06;0;3;2;1;200;61
1172;2024-06-06;3;0;2;1;63;103
1173;2024-06-11;3;0;2;1;103;200
1174;2024-06-11;1;2;2;1;61;63
1175;2023-11-16;4;0;2;1;67;177
1176;2023-11-16;0;2;2;1;146;91
1177;2023-11-21;0;2;2;1;177;146
1178;2023-11-21;0;2;2;1;91;67
1179;2024-03-21;2;1;2;1;67;146
1180;2024-03-21;0;5;2;1;177;91
1181;2024-03-26;3;0;2;1;91;177
1182;2024-03-26;0;3;2;1;146;67
1183;2024-06-06;0;4;2;1;177;67
1184;2024-06-06;0;0;2;1;91;146
1185;2024-06-11;1;1;2;1;67;91
1186;2024-06-11;2;2;2;1;146;177
1187;2023-11-16;7;0;2;1;27;181
1188;2023-11-16;0;0;2;1;114;95
1189;2023-11-21;1;1;2;1;181;114
1190;2023-11-21;0;1;2;1;95;27
1191;2024-03-21;2;0;2;1;27;114
1192;2024-03-21;5;0;2;1;95;181
1193;2024-03-26;0;1;2;1;181;95
1194;2024-03-26;0;5;2;1;114;27
1195;2024-06-06;0;2;2;1;181;27
1196;2024-06-06;0;0;2;1;95;114
1197;2024-06-11;5;0;2;1;27;95
1198;2024-06-11;4;0;2;1;114;181
1199;2024-09-05;1;0;2;1;50;118
1200;2024-09-05;1;0;2;1;20;107
1201;2024-09-05;1;3;2;1;55;67
1202;2024-09-10;2;2;2;1;118;55
1203;2024-09-10;2;3;2;1;107;50
1204;2024-09-10;0;1;2;1;67;20
1205;2024-10-10;0;0;2;1;50;20
1206;2024-10-10;3;1;2;1;55;107
1207;2024-10-10;1;1;2;1;67;118
1208;2024-10-15;1;0;2;1;50;67
1209;2024-10-15;1;0;2;1;107;118
1210;2024-10-15;4;1;2;1;20;55
1211;2024-11-14;2;3;2;1;118;20
1212;2024-11-14;3;2;2;1;55;50
1213;2024-11-14;3;0;2;1;67;107
1214;2024-11-19;0;1;2;1;118;50
1215;2024-11-19;2;3;2;1;107;20
1216;2024-11-19;5;0;2;1;67;55
1217;2025-03-20;1;0;2;1;50;107
1218;2025-03-20;2;0;2;1;20;67
1219;2025-03-20;5;1;2;1;55;118
1220;2025-03-25;3;1;2;1;107;55
1221;2025-03-25;2;2;2;1;20;50
1222;2025-03-25;1;2;2;1;118;67
1223;2025-06-05;0;0;2;1;67;50
1224;2025-06-05;1;0;2;1;55;20
1225;2025-06-05;2;2;2;1;118;107
1226;2025-06-10;3;0;2;1;50;55
1227;2025-06-10;1;1;2;1;107;67
1228;2025-06-10;3;0;2;1;20;118
1229;2024-09-05;0;0;2;1;25;95
1230;2024-09-05;1;0;2;1;56;79
1231;2024-09-05;1;1;2;1;63;134
1232;2024-09-10;1;3;2;1;95;63
1233;2024-09-10;1;3;2;1;79;25
1234;2024-09-10;0;0;2;1;134;56
1235;2024-10-10;0;2;2;1;63;25
1236;2024-10-10;4;0;2;1;79;134
1237;2024-10-10;1;0;2;1;56;95
1238;2024-10-15;3;2;2;1;25;56
1239;2024-10-15;4;0;2;1;63;79
1240;2024-10-15;2;2;2;1;95;134
1241;2024-11-14;1;3;2;1;134;25
1242;2024-11-14;1;0;2;1;79;95
1243;2024-11-14;0;0;2;1;56;63
1244;2024-11-19;1;1;2;1;95;25
1245;2024-11-19;0;1;2;1;79;56
1246;2024-11-19;1;1;2;1;134;63
1247;2025-03-20;1;1;2;1;25;79
1248;2025-03-20;2;2;2;1;56;134
1249;2025-03-20;3;1;2;1;63;95
1250;2025-03-25;1;1;2;1;25;63
1251;2025-03-25;2;1;2;1;95;56
1252;2025-03-25;0;1;2;1;134;79
1253;2025-06-05;0;3;2;1;79;63
1254;2025-06-05;0;2;2;1;56;25
1255;2025-06-05;0;2;2;1;134;95
1256;2025-06-10;4;0;2;1;25;134
1257;2025-06-10;0;1;2;1;63;56
1258;2025-06-10;1;1;2;1;95;79
1259;2024-09-05;0;1;2;1;27;91
1260;2024-09-05;7;0;2;1;18;94
1261;2024-09-05;1;1;2;1;61;122
1262;2024-09-10;1;2;2;1;94;61
1263;2024-09-10;0;0;2;1;122;27
1264;2024-09-10;0;5;2;1;91;18
1265;2024-10-10;3;1;2;1;27;94
1266;2024-10-10;2;2;2;1;91;122
1267;2024-10-10;0;2;2;1;61;18
1268;2024-10-15;1;1;2;1;18;27
1269;2024-10-15;2;1;2;1;94;122
1270;2024-10-15;0;0;2;1;61;91
1271;2024-11-14;0;0;2;1;27;61
1272;2024-11-14;0;1;2;1;91;94
1273;2024-11-15;0;4;2;1;122;18
1274;2024-11-19;1;3;2;1;94;18
1275;2024-11-19;2;0;2;1;122;61
1276;2024-11-19;2;2;2;1;91;27
1277;2025-03-20;5;1;2;1;27;122
1278;2025-03-20;2;0;2;1;18;91
1279;2025-03-20;1;0;2;1;61;94
1280;2025-03-25;0;0;2;1;18;61
1281;2025-03-25;0;2;2;1;94;27
1282;2025-03-25;1;0;2;1;122;91
1283;2025-06-05;1;0;2;1;27;18
1284;2025-06-05;1;0;2;1;122;94
1285;2025-06-05;0;2;2;1;91;61
1286;2025-06-10;6;0;2;1;18;122
1287;2025-06-10;1;0;2;1;94;91
1288;2025-06-10;1;2;2;1;61;27
1289;2025-10-08;0;0;2;1;79;55
1290;2025-10-11;2;1;2;1;67;79
1291;2025-10-14;2;1;2;1;55;67
1292;2025-10-08;2;3;2;1;122;61
1293;2025-10-11;1;0;2;1;56;122
1294;2025-10-14;0;0;2;1;61;56
1295;2025-11-13;1;1;2;1;67;56
1296;2025-11-18;2;1;2;1;56;67
1297;2024-01-12;3;0;3;1;55;114
1298;2024-01-13;0;0;3;1;94;103
1299;2024-01-17;0;0;3;1;114;94
1300;2024-01-17;0;1;3;1;103;55
1301;2024-01-22;1;0;3;1;55;94
1302;2024-01-22;2;1;3;1;103;114
1303;2024-01-13;2;0;3;1;27;137
1304;2024-01-13;0;0;3;1;50;84
1305;2024-01-18;0;1;3;1;84;27
1306;2024-01-18;0;3;3;1;137;50
1307;2024-01-23;1;1;3;1;27;50
1308;2024-01-23;1;0;3;1;84;137
1309;2024-01-14;3;1;3;1;67;155
1310;2024-01-14;4;1;3;1;20;95
1311;2024-01-18;1;1;3;1;95;67
1312;2024-01-19;0;1;3;1;155;20
1313;2024-01-23;2;1;3;1;20;67
1314;2024-01-23;0;3;3;1;155;95
1315;2024-01-14;4;2;3;1;18;99
1316;2024-01-15;1;3;3;1;122;56
1317;2024-01-19;2;1;3;1;56;18
1318;2024-01-19;0;1;3;1;99;122
1319;2024-01-24;3;1;3;1;18;122
1320;2024-01-24;3;2;3;1;56;99
1321;2024-01-15;3;1;3;1;25;91
1322;2024-01-15;0;4;3;1;138;63
1323;2024-01-20;2;2;3;1;63;25
1324;2024-01-20;1;0;3;1;91;138
1325;2024-01-25;0;1;3;1;63;91
1326;2024-01-25;3;3;3;1;25;138
1327;2024-01-16;2;0;3;1;93;107
1328;2024-01-16;2;1;3;1;61;79
1329;2024-01-21;0;0;3;1;79;93
1330;2024-01-21;0;2;3;1;107;61
1331;2024-01-25;0;0;3;1;61;93
1332;2024-01-25;1;1;3;1;107;79
1333;2024-01-28;1;1;3;2;103;67
1334;2024-01-29;2;3;3;2;56;63
1335;2024-01-28;4;0;3;2;27;122
1336;2024-01-30;1;1;3;2;61;25
1337;2024-01-31;1;1;3;2;20;84
1338;2024-01-31;1;3;3;2;91;18
1339;2024-01-29;2;1;3;2;55;95
1340;2024-01-30;2;1;3;2;50;93
1341;2024-02-02;0;1;3;3;103;63
1342;2024-02-02;1;2;3;3;27;25
1343;2024-02-03;2;1;3;3;20;18
1344;2024-02-03;1;1;3;3;55;50
1345;2024-02-06;2;0;3;4;63;25
1346;2024-02-07;2;3;3;4;20;55
1347;2024-02-10;1;3;3;5;63;55
1348;2024-09-06;1;3;2;1;187;199
1349;2024-09-06;0;2;2;1;192;189
1350;2024-09-09;1;2;2;1;199;189
1351;2024-10-10;3;1;2;1;151;169
1352;2024-10-10;0;1;2;1;153;154
1353;2024-11-13;2;3;2;1;153;151
1354;2024-11-14;3;3;2;1;169;154
1355;2024-11-16;1;1;2;1;154;151
1356;2024-11-17;1;2;2;1;169;153
1357;2024-10-11;3;0;2;1;85;157
1358;2024-10-12;4;1;2;1;160;189
1359;2024-11-14;0;3;2;1;189;157
1360;2024-11-15;8;1;2;1;85;160
1361;2024-11-18;2;0;2;1;157;160
1362;2024-11-18;0;8;2;1;189;85
1363;2025-03-21;3;0;2;4;151;157
1364;2025-03-21;7;0;2;4;85;154
1365;2025-03-24;0;3;2;5;151;85
1366;2023-01-08;1;1;1;1;75;129
1367;2023-01-09;2;0;1;1;38;74
1368;2023-01-12;0;1;1;1;74;129
1369;2023-01-12;2;1;1;1;38;75
1370;2023-01-25;1;2;1;1;16;39
1371;2023-01-28;0;0;1;1;16;13
1372;2023-02-22;1;1;1;1;163;179
1373;2023-02-25;1;1;1;1;127;145
1374;2023-02-26;2;2;1;1;163;179
1375;2023-03-03;1;2;1;1;163;168
1376;2023-03-11;0;1;1;1;71;102
1377;2023-03-12;1;1;1;1;96;34
1378;2023-03-14;0;0;1;1;71;102
1379;2023-03-20;1;2;1;1;154;160
1380;2023-03-21;1;0;1;1;173;200
1381;2023-03-20;0;2;1;1;157;151
1382;2023-03-22;1;0;1;1;137;158
1383;2023-03-22;3;2;1;1;59;149
1384;2023-03-23;2;0;1;1;153;160
1385;2023-03-23;0;0;1;1;85;94
1386;2023-03-23;1;0;1;1;42;129
1387;2023-03-23;1;1;1;1;155;148
1388;2023-03-22;1;0;1;1;66;101
1389;2023-03-23;2;0;1;1;1;34
1390;2023-03-23;1;1;1;1;138;141
1391;2023-03-24;0;0;1;1;18;17
1392;2023-03-24;3;1;1;1;33;191
1393;2023-03-24;1;1;1;1;25;13
1394;2023-03-24;2;1;1;1;27;24
1395;2023-03-24;1;0;1;1;50;77
1396;2023-03-24;2;0;1;1;134;135
1397;2023-03-24;1;2;1;1;61;49
1398;2023-03-25;1;0;1;1;181;204
1399;2023-03-25;1;1;1;1;158;107
1400;2023-03-25;6;1;1;1;72;186
1401;2023-03-25;3;1;1;1;122;142
1402;2023-03-25;2;0;1;1;10;52
1403;2023-03-25;1;2;1;1;91;95
1404;2023-03-25;0;0;1;1;67;103
1405;2023-03-25;2;1;1;1;7;6
1406;2023-03-25;3;1;1;1;84;93
1407;2023-03-26;2;1;1;1;85;94
1408;2023-03-26;0;2;1;1;154;153
1409;2023-03-26;0;1;1;1;194;148
1410;2023-03-27;1;0;1;1;69;123
1411;2023-03-27;0;0;1;1;47;149
1412;2023-03-27;2;0;1;1;79;114
1413;2023-03-28;0;1;1;1;181;204
1414;2023-03-28;0;2;1;1;107;137
1415;2023-03-28;2;2;1;1;106;126
1416;2023-03-28;1;2;1;1;18;13
1417;2023-03-28;1;2;1;1;27;24
1418;2023-03-28;1;2;1;1;25;17
1419;2023-03-28;7;0;1;1;1;83
1420;2023-03-28;4;0;1;1;63;135
1421;2023-03-28;2;2;1;1;122;142
1422;2023-03-28;2;3;1;1;10;9
1423;2023-03-28;1;1;1;1;50;49
1424;2023-03-28;0;0;1;1;7;52
1425;2023-03-28;2;1;1;1;20;110
1426;2023-03-28;1;0;1;1;91;84
1427;2023-03-28;3;2;1;1;54;40
1428;2023-03-28;2;0;1;1;67;93
1429;2023-03-28;2;0;1;1;138;155
1430;2023-04-19;1;1;1;1;16;15
1431;2023-06-07;2;0;1;1;15;96
1432;2023-06-09;0;1;1;1;98;162
1433;2023-06-11;0;1;1;1;96;102
1434;2023-06-10;2;2;1;1;15;44
1435;2023-06-10;3;2;1;1;34;131
1436;2023-06-11;3;0;1;1;54;164
1437;2023-06-12;3;3;1;1;10;32
1438;2023-06-12;0;0;1;1;7;68
1439;2023-06-14;1;0;1;1;45;88
1440;2023-06-14;0;0;1;1;122;95
1441;2023-06-14;4;1;1;1;17;131
1442;2023-06-14;4;1;1;1;138;153
1443;2023-06-15;2;0;1;1;1;27
1444;2023-06-15;2;1;1;1;55;71
1445;2023-06-15;0;1;1;1;176;181
1446;2023-06-15;1;0;1;1;135;177
1447;2023-06-15;6;0;1;1;18;101
1448;2023-06-15;1;0;1;1;99;155
1449;2023-06-16;1;0;1;1;13;56
1450;2023-06-16;4;0;1;1;94;158
1451;2023-06-16;4;1;1;1;38;85
1452;2023-06-16;2;2;1;1;174;93
1453;2023-06-16;2;2;1;1;148;169
1454;2023-06-16;0;1;1;1;25;52
1455;2023-06-15;0;1;1;1;51;96
1456;2023-06-15;1;0;1;1;49;66
1457;2023-06-16;3;2;1;1;39;63
1458;2023-06-16;1;0;1;1;35;10
1459;2023-06-17;4;1;1;1;6;82
1460;2023-06-17;1;0;1;1;24;77
1461;2023-06-16;5;0;1;1;54;143
1462;2023-06-18;2;0;1;1;40;131
1463;2023-06-18;0;1;1;1;96;49
1464;2023-06-18;3;0;1;1;29;170
1465;2023-06-18;1;1;1;1;148;153
1466;2023-06-19;1;2;1;1;71;63
1467;2023-06-19;0;2;1;1;194;158
1468;2023-06-19;0;1;1;1;55;85
1469;2023-06-19;2;3;1;1;135;174
1470;2023-06-19;0;2;1;1;122;1
1471;2023-06-19;0;1;1;1;155;93
1472;2023-06-20;1;4;1;1;80;41
1473;2023-06-20;4;1;1;1;18;52
1474;2023-06-20;1;0;1;1;99;84
1475;2023-06-20;2;0;1;1;94;95
1476;2023-06-20;2;4;1;1;6;14
1477;2023-06-20;1;1;1;1;28;46
1478;2023-06-20;1;1;1;1;25;101
1479;2023-06-20;2;0;1;1;17;164
1480;2023-06-20;0;2;1;1;10;13
1481;2023-06-20;10;0;1;1;138;169
1482;2023-06-20;0;0;1;1;77;54
1483;2023-06-20;3;1;1;1;24;51
1484;2023-06-27;1;2;1;1;77;34
1485;2023-06-28;9;1;1;1;157;187
1486;2023-08-31;0;3;1;1;187;157
1487;2023-09-03;0;0;1;1;181;166
1488;2023-09-03;0;0;1;1;96;66
1489;2023-09-06;2;2;1;1;138;84
1490;2023-09-06;2;1;1;1;79;95
1491;2023-09-06;0;1;1;1;194;190
1492;2023-09-06;1;0;1;1;162;203
1493;2023-09-07;1;1;1;1;181;166
1494;2023-09-07;0;1;1;1;86;20
1495;2023-09-07;6;0;1;1;31;63
1496;2023-09-07;1;1;1;1;176;155
1497;2023-09-07;0;0;1;1;37;25
1498;2023-09-07;3;1;1;1;134;91
1499;2023-09-07;1;1;1;1;23;159
1500;2023-09-08;0;0;1;1;158;177
1501;2023-09-08;1;1;1;1;174;135
1502;2023-09-08;2;0;1;1;122;141
1503;2023-09-08;0;2;1;1;148;103
1504;2023-09-08;1;3;1;1;61;51
1505;2023-09-09;0;0;1;1;60;120
1506;2023-09-09;3;0;1;1;16;50
1507;2023-09-09;1;1;1;1;94;138
1508;2023-09-09;1;4;1;1;10;18
1509;2023-09-10;1;1;1;1;42;41
1510;2023-09-09;2;2;1;1;15;27
1511;2023-09-11;0;1;1;1;177;158
1512;2023-09-11;4;0;1;1;176;194
1513;2023-09-11;2;0;1;1;99;95
1514;2023-09-11;1;3;1;1;134;107
1515;2023-09-11;10;0;1;1;155;193
1516;2023-09-12;4;2;1;1;18;22
1517;2023-09-12;3;1;1;1;73;140
1518;2023-09-12;0;1;1;1;110;170
1519;2023-09-12;1;0;1;1;60;45
1520;2023-09-12;4;1;1;1;67;51
1521;2023-09-12;0;1;1;1;61;25
1522;2023-09-12;0;0;1;1;33;53
1523;2023-09-12;1;1;1;1;91;141
1524;2023-09-12;2;1;1;1;135;166
1525;2023-09-12;1;3;1;1;29;46
1526;2023-09-12;0;1;1;1;14;28
1527;2023-09-12;3;1;1;1;148;174
1528;2023-09-12;1;0;1;1;7;62
1529;2023-09-12;0;1;1;1;94;84
1530;2023-09-12;1;3;1;1;43;4
1531;2023-09-12;2;1;1;1;124;63
1532;2023-09-12;4;0;1;1;20;89
1533;2023-09-12;2;1;1;1;10;3
1534;2023-09-12;4;0;1;1;16;79
1535;2023-09-12;3;3;1;1;15;50
1536;2023-10-10;2;0;1;1;94;99
1537;2023-10-11;4;0;1;1;37;203
1538;2023-10-12;3;2;1;1;80;114
1539;2023-10-12;3;1;1;1;38;159
1540;2023-10-12;2;0;1;1;91;107
1541;2023-10-12;1;0;1;1;67;134
1542;2023-10-12;5;1;1;1;28;68
1543;2023-10-12;8;0;1;1;72;93
1544;2023-10-12;1;0;1;1;29;92
1545;2023-10-13;1;1;1;1;100;89
1546;2023-10-13;0;0;1;1;105;62
1547;2023-10-13;2;2;1;1;61;26
1548;2023-10-13;0;1;1;1;132;82
1549;2023-10-13;1;1;1;1;85;45
1550;2023-10-13;0;0;1;1;60;165
1551;2023-10-13;1;0;1;1;53;88
1552;2023-10-13;4;1;1;1;18;30
1553;2023-10-13;1;0;1;1;4;27
1554;2023-10-13;4;0;1;1;25;46
1555;2023-10-14;1;3;1;1;16;10
1556;2023-10-14;3;0;1;1;113;198
1557;2023-10-14;1;1;1;1;33;7
1558;2023-10-14;1;1;1;1;119;90
1559;2023-10-14;1;2;1;1;104;115
1560;2023-10-14;2;3;1;1;140;111
1561;2023-10-15;1;1;1;1;117;112
1562;2023-10-14;2;0;1;1;15;73
1563;2023-10-16;3;2;1;1;26;100
1564;2023-10-16;2;1;1;1;147;165
1565;2023-10-16;1;2;1;1;94;50
1566;2023-10-16;1;1;1;1;29;28
1567;2023-10-16;1;0;1;1;14;44
1568;2023-10-17;3;1;1;1;69;106
1569;2023-10-17;1;2;1;1;68;108
1570;2023-10-17;0;0;1;1;89;45
1571;2023-10-17;1;1;1;1;111;113
1572;2023-10-17;1;3;1;1;61;53
1573;2023-10-17;1;2;1;1;90;104
1574;2023-10-17;2;0;1;1;65;86
1575;2023-10-17;2;0;1;1;119;198
1576;2023-10-17;1;0;1;1;91;135
1577;2023-10-17;3;0;1;1;92;88
1578;2023-10-17;1;0;1;1;117;183
1579;2023-10-17;1;1;1;1;33;60
1580;2023-10-17;1;1;1;1;82;87
1581;2023-10-17;1;1;1;1;129;93
1582;2023-10-17;2;0;1;1;18;46
1583;2023-10-17;1;2;1;1;115;62
1584;2023-10-17;2;0;1;1;27;85
1585;2023-10-17;2;1;1;1;67;114
1586;2023-10-17;6;0;1;1;25;99
1587;2023-10-17;1;2;1;1;84;134
1588;2023-10-17;4;1;1;1;3;43
1589;2023-10-17;2;1;1;1;16;73
1590;2023-10-17;2;2;1;1;15;10
1591;2023-11-11;0;0;1;1;96;71
1592;2023-11-15;1;0;1;1;9;39
1593;2023-11-16;2;0;1;1;31;123
1594;2023-11-17;2;0;1;1;47;85
1595;2023-11-16;1;1;1;1;83;101
1596;2023-11-18;2;3;1;1;10;22
1597;2023-11-19;1;0;1;1;126;149
1598;2023-11-21;1;1;1;1;59;85
1599;2023-11-20;1;1;1;1;83;101
1600;2023-11-21;2;0;1;1;23;10
1601;2023-11-21;2;0;1;1;35;136
1602;2024-03-18;2;1;1;1;153;154
1603;2024-03-20;1;3;1;1;211;152
1604;2024-03-21;2;0;1;1;154;153
1605;2024-03-21;1;2;1;1;144;145
1606;2024-03-21;1;2;1;1;49;12
1607;2024-03-21;1;1;1;1;126;136
1608;2024-03-21;2;2;1;1;162;58
1609;2024-03-21;5;2;1;1;5;38
1610;2024-03-22;0;2;1;1;97;80
1611;2024-03-22;0;4;1;1;206;123
1612;2024-03-22;1;1;1;1;69;159
1613;2024-03-22;2;1;1;1;26;73
1614;2024-03-22;1;2;1;1;31;41
1615;2024-03-21;1;1;1;1;180;156
1616;2024-03-22;0;1;1;1;106;78
1617;2024-03-22;0;1;1;1;2;13
1618;2024-03-22;3;0;1;1;14;87
1619;2024-03-21;2;0;1;1;24;96
1620;2024-03-22;4;0;1;1;8;43
1621;2024-03-22;1;0;1;1;42;22
1622;2024-03-22;0;3;1;1;65;54
1623;2024-03-22;4;0;1;1;108;88
1624;2024-03-22;1;1;1;1;57;70
1625;2024-03-22;0;2;1;1;115;53
1626;2024-03-22;1;2;1;1;62;111
1627;2024-03-22;1;2;1;1;113;121
1628;2024-03-22;1;0;1;1;7;89
1629;2024-03-23;2;2;1;1;33;90
1630;2024-03-23;0;0;1;1;59;9
1631;2024-03-23;2;0;1;1;143;188
1632;2024-03-23;0;2;1;1;48;23
1633;2024-03-23;0;1;1;1;4;6
1634;2024-03-22;0;3;1;1;101;1
1635;2024-03-23;0;0;1;1;21;19
1636;2024-03-22;2;0;1;1;52;131
1637;2024-03-23;0;2;1;1;3;10
1638;2024-03-24;2;1;1;1;144;145
1639;2024-03-24;0;2;1;1;24;12
1640;2024-03-24;0;0;1;1;96;49
1641;2024-03-24;0;0;1;1;211;152
1642;2024-03-25;0;0;1;1;142;147
1643;2024-03-25;2;0;1;1;128;104
1644;2024-03-24;3;0;1;1;180;156
1645;2024-03-25;1;0;1;1;80;69
1646;2024-03-25;0;1;1;1;126;39
1647;2024-03-25;1;0;1;1;38;65
1648;2024-03-25;1;1;1;1;87;133
1649;2024-03-25;0;0;1;1;108;89
1650;2024-03-26;2;2;1;1;73;88
1651;2024-03-26;0;4;1;1;195;159
1652;2024-03-26;1;1;1;1;31;48
1653;2024-03-26;1;1;1;1;136;206
1654;2024-03-26;2;1;1;1;74;129
1655;2024-03-26;0;0;1;1;162;97
1656;2024-03-26;2;0;1;1;42;78
1657;2024-03-26;0;1;1;1;59;19
1658;2024-03-26;2;2;1;1;4;9
1659;2024-03-26;0;1;1;1;43;70
1660;2024-03-26;2;1;1;1;41;106
1661;2024-03-26;2;0;1;1;21;123
1662;2024-03-26;2;1;1;1;33;17
1663;2024-03-26;1;0;1;1;14;90
1664;2024-03-26;3;2;1;1;13;57
1665;2024-03-26;6;1;1;1;23;22
1666;2024-03-26;2;1;1;1;98;109
1667;2024-03-26;2;0;1;1;58;5
1668;2024-03-26;2;1;1;1;10;8
1669;2024-03-26;0;2;1;1;26;53
1670;2024-03-26;3;2;1;1;3;54
1671;2024-03-26;3;3;1;1;2;6
1672;2024-03-26;1;1;1;1;62;113
1673;2024-03-26;1;1;1;1;121;111
1674;2024-03-26;0;0;1;1;7;115
1675;2024-03-26;0;1;1;1;131;164
1676;2024-03-26;1;3;1;1;51;1
1677;2024-03-26;1;1;1;1;101;66
1678;2024-03-26;4;1;1;1;52;143
1679;2024-06-03;0;2;1;1;203;43
1680;2024-06-03;3;0;1;1;11;69
1681;2024-06-03;3;0;1;1;4;64
1682;2024-06-03;3;0;1;1;65;206
1683;2024-06-03;0;0;1;1;10;32
1684;2024-06-04;2;1;1;1;58;106
1685;2024-06-04;4;2;1;1;5;74
1686;2024-06-04;2;1;1;1;59;42
1687;2024-06-04;4;0;1;1;19;129
1688;2024-06-04;2;1;1;1;23;39
1689;2024-06-04;0;0;1;1;12;22
1690;2024-06-04;0;0;1;1;57;86
1691;2024-06-05;4;0;1;1;48;211
1692;2024-06-05;3;0;1;1;31;78
1693;2024-06-05;2;1;1;1;21;38
1694;2024-06-05;2;0;1;1;9;80
1695;2024-06-05;3;0;1;1;3;98
1696;2024-06-05;5;0;1;1;2;172
1697;2024-06-06;0;0;1;1;203;37
1698;2024-06-05;0;4;1;1;15;17
1699;2024-06-06;4;0;1;1;8;30
1700;2024-06-07;7;1;1;1;41;162
1701;2024-06-07;2;0;1;1;176;186
1702;2024-06-07;3;1;1;1;65;124
1703;2024-06-07;0;1;1;1;4;75
1704;2024-06-07;2;2;1;1;43;74
1705;2024-06-07;2;1;1;1;106;109
1706;2024-06-07;3;1;1;1;35;32
1707;2024-06-07;2;1;1;1;10;47
1708;2024-06-07;0;0;1;1;57;206
1709;2024-06-08;1;1;1;1;58;86
1710;2024-06-08;1;5;1;1;16;13
1711;2024-06-08;1;2;1;1;5;11
1712;2024-06-08;1;1;1;1;19;23
1713;2024-06-08;3;0;1;1;42;76
1714;2024-06-08;0;3;1;1;38;39
1715;2024-06-08;3;2;1;1;159;126
1716;2024-06-08;3;1;1;1;21;31
1717;2024-06-07;0;0;1;1;52;40
1718;2024-06-08;3;0;1;1;9;98
1719;2024-06-08;1;0;1;1;193;191
1720;2024-06-08;5;1;1;1;2;70
1721;2024-06-09;1;0;1;1;1;24
1722;2024-06-08;2;3;1;1;15;6
1723;2024-06-09;4;0;1;1;48;37
1724;2024-06-09;1;3;1;1;80;72
1725;2024-06-09;1;0;1;1;12;64
1726;2024-06-09;0;0;1;1;3;30
1727;2024-06-10;2;1;1;1;41;69
1728;2024-06-10;2;1;1;1;35;22
1729;2024-06-10;4;0;1;1;8;75
1730;2024-06-11;3;2;1;1;124;109
1731;2024-06-11;2;1;1;1;186;176
1732;2024-06-11;0;4;1;1;97;76
1733;2024-06-11;1;4;1;1;211;126
1734;2024-06-11;0;2;1;1;162;47
1735;2024-06-11;0;4;1;1;159;32
1736;2024-06-11;3;0;1;1;5;59
1737;2024-06-11;0;1;1;1;193;191
1738;2024-06-11;2;0;1;1;70;172
1739;2024-06-12;1;1;1;1;16;6
1740;2024-06-11;3;0;1;1;54;40
1741;2024-06-12;3;1;1;1;24;77
1742;2024-06-15;3;0;1;1;13;77
1743;2024-06-14;4;1;1;1;1;96
1744;2024-06-14;0;1;1;1;101;52
1745;2024-06-16;2;1;1;1;24;66
1746;2024-06-16;0;1;1;1;34;40
1747;2024-09-02;1;0;1;1;154;153
1748;2024-09-04;1;0;1;1;203;172
1749;2024-09-05;0;1;1;1;190;181
1750;2024-09-05;0;3;1;1;153;155
1751;2024-09-07;1;2;1;1;16;30
1752;2024-09-09;1;2;1;1;187;192
1753;2024-09-08;1;1;1;1;155;154
1754;2024-09-07;3;0;1;1;15;85
1755;2024-09-08;1;0;1;1;190;181
1756;2024-09-10;1;0;1;1;159;211
1757;2024-09-10;1;1;1;1;16;85
1758;2024-09-10;0;0;1;1;15;30
1759;2024-10-10;2;0;1;1;158;191
1760;2024-10-10;1;0;1;1;206;155
1761;2024-10-11;3;2;1;1;176;174
1762;2024-10-12;1;1;1;1;99;137
1763;2024-10-13;0;0;1;1;158;191
1764;2024-10-13;2;0;1;1;172;211
1765;2024-10-12;2;0;1;1;16;34
1766;2024-10-14;4;0;1;1;85;138
1767;2024-10-15;2;1;1;1;30;34
1768;2024-10-15;3;0;1;1;155;176
1769;2024-10-15;2;0;1;1;15;16
1770;2024-11-13;4;0;1;1;103;177
1771;2024-11-13;0;1;1;1;181;173
1772;2024-11-14;2;0;1;1;162;206
1773;2024-11-14;1;3;1;1;185;138
1774;2024-11-14;0;0;1;1;93;114
1775;2024-11-14;3;2;1;1;148;158
1776;2024-11-14;3;1;1;1;155;135
1777;2024-11-16;2;1;1;1;181;173
1778;2024-11-16;2;0;1;1;177;166
1779;2024-11-16;1;0;1;1;191;146
1780;2024-11-17;1;1;1;1;93;185
1781;2024-11-18;1;1;1;1;137;138
1782;2024-11-18;2;3;1;1;148;174
1783;2024-11-19;2;3;1;1;158;114
1784;2024-11-19;3;1;1;1;103;166
1785;2024-11-19;1;1;1;1;203;159
1786;2024-11-19;0;2;1;1;191;146
1787;2024-11-19;1;0;1;1;155;178
1788;2025-01-18;3;1;1;1;16;49
1789;2025-01-22;3;0;1;1;16;51
1790;2025-02-08;6;1;1;1;54;34
1791;2025-02-17;0;2;1;1;109;118
1792;2025-03-16;1;2;1;1;66;96
1793;2025-03-19;3;0;1;1;137;173
1794;2025-03-19;2;1;1;1;99;176
1795;2025-03-19;2;0;1;1;155;194
1796;2025-03-19;5;0;1;1;36;163
1797;2025-03-20;0;5;1;1;103;97
1798;2025-03-20;1;2;1;1;185;191
1799;2025-03-21;1;1;1;1;70;19
1800;2025-03-21;2;0;1;1;93;166
1801;2025-03-21;0;1;1;1;148;177
1802;2025-03-22;1;0;1;1;98;38
1803;2025-03-21;2;2;1;1;156;143
1804;2025-03-22;0;3;1;1;124;81
1805;2025-03-25;1;2;1;1;176;188
1806;2025-03-25;5;1;1;1;38;70
1807;2025-03-25;5;0;1;1;36;92
1808;2025-03-25;3;1;1;1;19;98
1809;2025-03-25;0;2;1;1;124;97
1810;2025-03-25;2;0;1;1;143;156
1811;2025-05-29;1;1;1;1;138;68
1812;2025-06-02;2;0;1;1;46;62
1813;2025-06-04;2;0;1;1;181;190
1814;2025-06-04;2;0;1;1;93;137
1815;2025-06-05;1;0;1;1;191;193
1816;2025-06-05;2;0;1;1;28;128
1817;2025-06-05;1;2;1;1;176;103
1818;2025-06-05;3;1;1;1;148;173
1819;2025-06-05;1;0;1;1;45;53
1820;2025-06-05;0;0;1;1;155;177
1821;2025-06-05;1;0;1;1;72;123
1822;2025-06-05;4;1;1;1;97;109
1823;2025-06-06;2;1;1;1;116;105
1824;2025-06-06;1;2;1;1;115;139
1825;2025-06-06;2;0;1;1;62;130
1826;2025-06-06;5;2;1;1;78;106
1827;2025-06-06;0;1;1;1;98;58
1828;2025-06-06;2;2;1;1;86;126
1829;2025-06-06;0;0;1;1;60;112
1830;2025-06-06;0;2;1;1;42;38
1831;2025-06-06;1;1;1;1;59;14
1832;2025-06-06;1;3;1;1;43;75
1833;2025-06-06;1;0;1;1;142;132
1834;2025-06-06;1;1;1;1;36;26
1835;2025-06-06;3;4;1;1;87;113
1836;2025-06-06;2;0;1;1;35;159
1837;2025-06-06;3;0;1;1;44;88
1838;2025-06-06;2;0;1;1;7;46
1839;2025-06-07;2;4;1;1;15;19
1840;2025-06-07;1;2;1;1;16;22
1841;2025-06-07;0;0;1;1;136;124
1842;2025-06-07;0;0;1;1;183;110
1843;2025-06-07;2;1;1;1;21;70
1844;2025-06-07;4;1;1;1;47;48
1845;2025-06-08;3;1;1;1;45;104
1846;2025-06-08;1;1;1;1;72;68
1847;2025-06-09;1;1;1;1;88;116
1848;2025-06-09;0;4;1;1;206;43
1849;2025-06-09;4;2;1;1;78;108
1850;2025-06-09;2;2;1;1;80;106
1851;2025-06-09;2;0;1;1;87;132
1852;2025-06-09;1;0;1;1;7;90
1853;2025-06-09;1;1;1;1;44;105
1854;2025-06-10;1;1;1;1;113;130
1855;2025-06-10;0;0;1;1;142;115
1856;2025-06-10;2;1;1;1;58;64
1857;2025-06-10;1;2;1;1;183;110
1858;2025-06-10;4;3;1;1;38;28
1859;2025-06-10;5;0;1;1;21;149
1860;2025-06-10;2;0;1;1;60;100
1861;2025-06-10;1;0;1;1;70;75
1862;2025-06-10;1;3;1;1;4;14
1863;2025-06-10;1;2;1;1;124;42
1864;2025-06-10;1;4;1;1;97;36
1865;2025-06-10;0;0;1;1;98;59
1866;2025-06-10;1;0;1;1;76;48
1867;2025-06-10;4;0;1;1;47;86
1868;2025-06-10;0;4;1;1;16;19
1869;2025-06-10;1;0;1;1;15;22
1870;2025-09-03;2;2;1;1;55;91
1871;2025-09-04;2;1;1;1;61;69
1872;2025-09-04;1;0;1;1;31;74
1873;2025-09-04;0;1;1;1;203;65
1874;2025-09-04;0;0;1;1;36;63
1875;2025-09-04;2;1;1;1;138;148
1876;2025-09-05;6;0;1;1;122;174
1877;2025-09-05;0;3;1;1;57;30
1878;2025-09-06;0;2;1;1;16;25
1879;2025-09-06;0;0;1;1;177;181
1880;2025-09-07;1;4;1;1;55;36
1881;2025-09-06;0;0;1;1;15;18
1882;2025-09-08;1;1;1;1;41;61
1883;2025-09-08;0;0;1;1;122;114
1884;2025-09-08;1;0;1;1;138;95
1885;2025-09-09;1;1;1;1;148;158
1886;2025-09-09;0;0;1;1;129;172
1887;2025-09-09;2;0;1;1;16;18
1888;2025-09-09;0;1;1;1;37;30
1889;2025-09-09;3;0;1;1;63;143
1890;2025-09-09;3;1;1;1;162;211
1891;2025-09-09;2;2;1;1;15;25
1892;2025-10-08;4;1;1;1;163;209
1893;2025-10-08;0;2;1;1;203;151
1894;2025-10-09;2;0;1;1;50;134
1895;2025-10-09;3;0;1;1;4;37
1896;2025-10-09;1;0;1;1;7;91
1897;2025-10-09;1;0;1;1;35;85
1898;2025-10-09;2;1;1;1;57;159
1899;2025-10-10;0;1;1;1;63;77
1900;2025-10-10;2;2;1;1;18;40
1901;2025-10-10;0;1;1;1;30;27
1902;2025-10-10;0;5;1;1;25;6
1903;2025-10-10;2;1;1;1;36;20
1904;2025-10-10;2;1;1;1;54;52
1905;2025-10-10;1;0;1;1;17;143
1906;2025-10-11;2;0;1;1;163;164
1907;2025-10-10;1;1;1;1;16;24
1908;2025-10-10;1;0;1;1;1;49
1909;2025-10-12;1;4;1;1;162;64
1910;2025-10-11;0;4;1;1;15;13
1911;2025-10-13;2;1;1;1;80;206
1912;2025-10-13;1;2;1;1;50;17
1913;2025-10-14;1;1;1;1;31;85
1914;2025-10-14;2;0;1;1;20;112
1915;2025-10-14;4;2;1;1;65;63
1916;2025-10-14;3;2;1;1;18;6
1917;2025-10-14;3;0;1;1;36;77
1918;2025-10-14;2;0;1;1;25;40
1919;2025-10-14;2;1;1;1;16;27
1920;2025-10-14;0;6;1;1;156;1
1921;2025-10-14;0;0;1;1;13;30
1922;2025-10-14;1;1;1;1;15;24
1923;2025-11-12;1;1;1;1;36;52
1924;2025-11-13;1;0;1;1;41;211
1925;2025-11-13;0;0;1;1;69;136
1926;2025-11-13;0;0;1;1;149;76
1927;2025-11-13;3;1;1;1;28;130
1928;2025-11-13;3;2;1;1;93;148
1929;2025-11-13;2;2;1;1;181;177
1930;2025-11-13;1;1;1;1;155;176
1931;2025-11-14;1;2;1;1;183;88
1932;2025-11-14;0;2;1;1;89;1
1933;2025-11-14;3;2;1;1;46;63
1934;2025-11-14;1;0;1;1;105;110
1935;2025-11-14;1;0;1;1;108;120
1936;2025-11-14;2;0;1;1;18;73
1937;2025-11-14;1;0;1;1;61;33
1938;2025-11-13;0;0;1;1;30;24
1939;2025-11-14;1;0;1;1;7;100
1940;2025-11-14;2;0;1;1;25;77
1941;2025-11-14;3;2;1;1;62;113
1942;2025-11-15;3;1;1;1;60;92
1943;2025-11-15;2;0;1;1;6;14
1944;2025-11-15;1;0;1;1;111;115
1945;2025-11-15;2;1;1;1;16;40
1946;2025-11-15;2;0;1;1;82;140
1947;2025-11-15;0;0;1;1;145;127
1948;2025-11-15;0;2;1;1;36;54
1949;2025-11-15;4;3;1;1;134;112
1950;2025-11-14;4;1;1;1;163;208
1951;2025-11-14;1;0;1;1;49;27
1952;2025-11-15;0;0;1;1;15;17
1953;2025-11-15;1;2;1;1;85;13
1954;2025-11-17;2;2;1;1;183;100
1955;2025-11-17;0;2;1;1;105;104
1956;2025-11-17;1;2;1;1;91;198
1957;2025-11-17;4;0;1;1;108;120
1958;2025-11-17;4;0;1;1;74;172
1959;2025-11-18;1;1;1;1;113;82
1960;2025-11-18;0;1;1;1;145;127
1961;2025-11-18;3;2;1;1;89;92
1962;2025-11-18;1;0;1;1;123;109
1963;2025-11-18;0;3;1;1;90;62
1964;2025-11-18;8;0;1;1;14;110
1965;2025-11-18;2;2;1;1;134;116
1966;2025-11-18;2;4;1;1;126;129
1967;2025-11-18;0;2;1;1;79;33
1968;2025-11-18;0;0;1;1;63;53
1969;2025-11-18;3;0;1;1;18;77
1970;2025-11-18;0;2;1;1;61;28
1971;2025-11-18;2;1;1;1;54;52
1972;2025-11-18;4;0;1;1;7;88
1973;2025-11-18;1;0;1;1;25;73
1974;2025-11-18;1;1;1;1;6;46
1975;2025-11-18;5;1;1;1;16;17
1976;2025-11-18;1;2;1;1;15;40
1977;2025-11-18;3;0;1;1;13;27
1978;2025-11-18;0;2;1;1;49;30
1979;2025-11-18;2;0;1;1;24;85
1980;2026-03-25;2;0;1;1;45;167
1981;2026-03-25;1;0;1;1;105;107
1982;2026-03-26;1;2;1;1;6;3
1983;2026-03-26;0;2;1;1;159;149
1984;2026-03-26;0;1;1;1;126;97
1985;2026-03-26;3;0;1;1;99;181
1986;2026-03-26;2;1;1;1;11;13
1987;2026-03-26;2;2;1;1;72;76
1988;2026-03-27;1;0;1;1;90;140
1989;2026-03-27;2;2;1;1;121;82
1990;2026-03-27;5;1;1;1;23;73
1991;2026-03-27;2;0;1;1;80;172
1992;2026-03-27;1;1;1;1;60;34
1993;2026-03-27;0;0;1;1;111;113
1994;2026-03-27;3;1;1;1;36;131
1995;2026-03-27;1;1;1;1;4;17
1996;2026-03-27;2;1;1;1;1;115
1997;2026-03-27;7;0;1;1;28;96
1998;2026-03-27;0;4;1;1;61;29
1999;2026-03-27;3;4;1;1;19;10
2000;2026-03-27;2;1;1;1;8;31
2001;2026-03-27;0;1;1;1;47;40
2002;2026-03-27;3;0;1;1;2;39
2003;2026-03-27;1;1;1;1;7;24
2004;2026-03-28;2;2;1;1;30;75
2005;2026-03-28;0;4;1;1;25;33
2006;2026-03-28;1;2;1;1;211;123
2007;2026-03-28;2;5;1;1;16;9
2008;2026-03-28;2;0;1;1;14;52
2009;2026-03-28;0;1;1;1;43;18
2010;2026-03-28;2;5;1;1;107;104
2011;2026-03-28;5;0;1;1;62;132
2012;2026-03-28;1;0;1;1;42;58
2013;2026-03-29;1;3;1;1;13;3
2014;2026-03-29;0;2;1;1;149;72
2015;2026-03-29;1;2;1;1;106;97
2016;2026-03-28;0;0;1;1;15;5
2017;2026-03-28;0;1;1;1;81;46
2018;2026-03-30;3;2;1;1;126;159
2019;2026-03-30;2;1;1;1;10;73
2020;2026-03-31;1;1;1;1;104;105
2021;2026-03-31;1;1;1;1;81;75
2022;2026-03-31;2;2;1;1;140;111
2023;2026-03-31;0;1;1;1;113;121
2024;2026-03-31;2;1;1;1;39;61
2025;2026-03-31;0;0;1;1;211;172
2026;2026-03-31;0;0;1;1;31;19
2027;2026-03-31;2;3;1;1;80;58
2028;2026-03-31;0;1;1;1;82;90
2029;2026-03-31;3;1;1;1;14;116
2030;2026-03-31;0;0;1;1;42;47
2031;2026-03-31;1;1;1;1;62;132
2032;2026-03-31;0;2;1;1;16;5
2033;2026-03-31;1;0;1;1;33;43
2034;2026-03-31;1;2;1;1;60;34
2035;2026-03-31;0;0;1;1;59;69
2036;2026-03-31;1;1;1;1;37;70
2037;2026-03-31;0;1;1;1;4;18
2038;2026-03-31;2;2;1;1;52;66
2039;2026-03-31;0;0;1;1;36;53
2040;2026-03-31;2;1;1;1;7;40
2041;2026-03-31;5;0;1;1;1;92
2042;2026-03-31;0;0;1;1;28;17
2043;2026-03-31;1;0;1;1;32;65
2044;2026-03-31;1;1;1;1;8;24
2045;2026-03-31;1;0;1;1;23;25
2046;2026-03-31;2;0;1;1;48;57
2047;2026-03-31;0;0;1;1;2;29
2048;2026-03-31;0;0;1;1;15;9
2049;2026-03-31;3;1;1;1;6;11
2050;2026-03-31;0;0;1;1;30;46
2051;2026-05-22;2;0;1;1;15;73
2052;2026-05-28;1;0;1;1;59;55
2053;2026-05-28;1;0;1;1;29;36
2054;2026-05-29;0;0;1;1;60;131
2055;2026-05-29;1;0;1;1;56;172
2056;2026-05-29;3;1;1;1;20;116
2057;2026-05-29;0;0;1;1;64;69
2058;2026-05-30;4;1;1;1;43;83
2059;2026-05-31;4;1;1;1;19;63
2060;2026-05-31;3;2;1;1;16;14
2061;2026-05-31;3;0;1;1;68;39
2062;2026-05-31;2;1;1;1;41;78
2063;2026-05-31;0;2;1;1;35;32
2064;2026-05-31;6;2;1;1;6;34
2065;2026-05-30;1;0;1;1;15;27
2066;2026-05-30;5;0;1;1;25;102
2067;2026-05-31;1;0;1;1;18;75
2068;2026-05-31;4;0;1;1;148;186
2069;2026-05-30;2;1;1;1;24;61
2070;2026-05-31;4;0;1;1;10;74
2071;2026-06-01;3;1;1;1;13;51
2072;2026-06-01;2;1;1;1;48;162
2073;2026-06-01;0;1;1;1;86;80
2074;2026-06-01;3;1;1;1;31;38
2075;2026-06-01;4;0;1;1;22;69
2076;2026-06-01;1;0;1;1;23;46
2077;2026-06-02;0;2;1;1;11;9
2078;2026-06-02;4;0;1;1;7;104
2079;2026-06-01;2;0;1;1;30;50
2080;2026-06-02;1;1;1;1;37;73
2081;2026-06-02;1;1;1;1;72;57
2082;2026-06-03;4;0;1;1;203;209
2083;2026-06-03;0;0;1;1;21;45
2084;2026-06-03;0;1;1;1;65;76
2085;2026-06-02;4;0;1;1;81;85
2086;2026-06-03;0;1;1;1;8;28
2087;2026-06-03;0;1;1;1;98;12
2088;2026-06-03;2;2;1;1;35;26
2089;2026-06-04;1;1;1;1;145;110
2090;2026-06-04;1;0;1;1;70;82
2091;2026-06-04;1;1;1;1;58;126
2092;2026-06-04;4;0;1;1;176;190
2093;2026-06-03;1;0;1;1;25;101
2094;2026-06-04;2;2;1;1;38;47
2095;2026-06-04;2;0;1;1;172;206
2096;2026-06-04;2;0;1;1;20;53
2097;2026-06-03;4;2;1;1;34;143
2098;2026-06-04;1;1;1;1;2;56
2099;2026-06-04;1;2;1;1;3;33
2100;2022-11-20;0;2;4;1;55;24
2101;2022-11-21;6;2;4;1;4;20
2102;2022-11-21;0;2;4;1;14;8
2103;2022-11-21;1;1;4;1;16;37
2104;2022-11-22;1;2;4;1;1;61
2105;2022-11-22;0;0;4;1;21;46
2106;2022-11-22;0;0;4;1;15;35
2107;2022-11-22;4;1;4;1;3;27
2108;2022-11-23;0;0;4;1;7;11
2109;2022-11-23;1;2;4;1;10;18
2110;2022-11-23;7;0;4;1;2;51
2111;2022-11-23;1;0;4;1;9;30
2112;2022-11-24;1;0;4;1;19;44
2113;2022-11-24;0;0;4;1;17;25
2114;2022-11-24;3;2;4;1;5;73
2115;2022-11-24;2;0;4;1;6;39
2116;2022-11-25;0;2;4;1;37;20
2117;2022-11-25;1;3;4;1;55;14
2118;2022-11-25;1;1;4;1;8;24
2119;2022-11-25;0;0;4;1;4;16
2120;2022-11-26;0;1;4;1;46;27
2121;2022-11-26;2;0;4;1;35;61
2122;2022-11-26;2;1;4;1;3;21
2123;2022-11-26;2;0;4;1;1;15
2124;2022-11-27;0;1;4;1;18;51
2125;2022-11-27;0;2;4;1;9;7
2126;2022-11-27;4;1;4;1;11;30
2127;2022-11-27;1;1;4;1;2;10
2128;2022-11-28;3;3;4;1;44;39
2129;2022-11-28;2;3;4;1;25;73
2130;2022-11-28;1;0;4;1;6;19
2131;2022-11-28;2;0;4;1;5;17
2132;2022-11-29;2;0;4;1;8;55
2133;2022-11-29;1;2;4;1;24;14
2134;2022-11-29;0;3;4;1;37;4
2135;2022-11-29;0;1;4;1;20;16
2136;2022-11-30;1;0;4;1;27;21
2137;2022-11-30;1;0;4;1;46;3
2138;2022-11-30;1;2;4;1;61;15
2139;2022-11-30;0;2;4;1;35;1
2140;2022-12-01;0;0;4;1;11;9
2141;2022-12-01;1;2;4;1;30;7
2142;2022-12-01;2;1;4;1;18;2
2143;2022-12-01;2;4;4;1;51;10
2144;2022-12-02;2;1;4;1;25;5
2145;2022-12-02;0;2;4;1;73;17
2146;2022-12-02;1;0;4;1;44;6
2147;2022-12-02;2;3;4;1;39;19
2148;2022-12-03;3;1;4;2;8;16
2149;2022-12-03;2;1;4;2;1;27
2150;2022-12-04;3;1;4;2;3;35
2151;2022-12-04;3;0;4;2;4;14
2152;2022-12-05;1;1;4;2;18;11
2153;2022-12-05;4;1;4;2;6;25
2154;2022-12-06;0;0;4;2;7;2
2155;2022-12-06;6;1;4;2;5;19
2156;2022-12-09;1;1;4;3;11;6
2157;2022-12-09;2;2;4;3;8;1
2158;2022-12-10;1;0;4;3;7;5
2159;2022-12-10;1;2;4;3;4;3
2160;2022-12-13;3;0;4;4;1;11
2161;2022-12-14;2;0;4;4;3;7
2162;2022-12-17;2;1;4;4;11;7
2163;2022-12-18;3;3;4;5;1;3
